Workbook

Sheet Survey Outline
A1: Survey Outline — Quantum Robotics (Computing + Cognition)
A2: Paper 1 = scoped quantum-robotics survey (computing + cognition branches). Deep chapter (§6) motivates Paper 2 (quantum cognition model).
A4: # | B4: Section | C4: What to cover | D4: Feeds from (Papers categories) | E4: Priority
A5: 1 | B5: Introduction & Scope | C5: Define quantum robotics; state that scope = quantum-computing + quantum-cognition methods (sensing/metrology surveyed elsewhere, e.g. Yan et al. 2024); contributions & structure | D5: — | E5: Essential
A6: 2 | B6: Background: Quantum Computing Foundations | C6: Qubits, gates, entanglement; key algorithms (Grover, HHL, Shor); quantum walks; enough for a robotics reader | D6: Quantum Computing Foundations; Linear Algebra; Monte Carlo; Graph | E6: Essential
A7: 3 | B7: Quantum Hardware & NISQ Reality Check | C7: Device limits, error rates, decoherence, latency; why real-time robot control is hard today; feasibility | D7: Quantum Hardware & NISQ | E7: Essential
A8: 4 | B8: Quantum Computing Methods in Robotics (by task) | C8: Organise by robotic function: optimization (planning, task allocation), linear algebra (kinematics), search/sampling (navigation), perception, control | D8: Quantum Optimization; Linear Algebra; Monte Carlo; Graph; QML; Sensor Fusion; Control | E8: Core
A9: 5 | B9: Quantum ML, RL & Learning Agents (the bridge) | C9: QML, quantum neural nets, quantum RL, projective simulation, learning agents — links computing to cognition | D9: Quantum ML, RL & Agents; QML | E9: Core
A10: 6 | B10: Quantum Cognition for Robot Decision-Making | C10: Quantum-probability models of decision/judgment; quantum-like agents; apply to robot/autonomous decision — DEEP chapter; identifies the gap | D10: Quantum Cognition (Foundations); Quantum Cognition in Robotics | E10: DEEP → Paper 2
A11: 7 | B11: Supporting Branches (brief) | C11: Quantum sensing/metrology on robots; quantum communication & security for multi-robot/swarm — covered briefly to bound scope | D11: Quantum Cryptography; Communication & Security | E11: Brief
A12: 8 | B12: Quantum-inspired vs Genuinely-Quantum | C12: Dequantization critique; which methods need real quantum hardware vs classical simulation; honest appraisal | D12: Type column; Tang 2019; Cerezo barren plateaus | E12: Critical
A13: 9 | B13: Open Challenges & Future Directions | C13: Synthesise gaps; concrete first problems; motivate the quantum cognition model (Paper 2) as the next step | D13: Gap Relevance = High rows | E13: Essential → Paper 2
A14: 10 | B14: Conclusion | C14: Recap taxonomy, maturity of the field, and the runway to original contributions | D14: — | E14: Essential
A16: SURVEY 1 SCOPE — Quantum Computing in Robotics
A17: Scope | B17: Explores quantum computing methods and their potential applications across the entire robotics domain.
A18: 10 Applications | B18: Optimization (planning, task allocation), machine learning, linear algebra (kinematics/control), search/sampling (navigation), perception, control theory, sensing, cryptography, and hybrid classical-quantum methods.
A19: Promise | B19: Quantum algorithms (Grover, QAOA, VQE, HHL) offer theoretical speedups for robot decision-making, optimization, and perception.
A20: Hardware Reality Check | B20: Addresses NISQ (Noisy Intermediate-Scale Quantum) limitations—current devices have high error rates, short coherence times, and can't run real-time robot control.
A21: Feasibility Assessment | B21: Most quantum applications require fault-tolerant quantum computers (5–10 years away); TODAY's quantum advantage in robotics is limited.
A22: Dequantization Critique | B22: Honest appraisal of Tang (2019) and similar results—some "quantum speedups" can be classically simulated or aren't practically better.
A23: Comparative Analysis | B23: Head-to-head evaluation: quantum vs. classical methods on robot planning, ML, control; shows where quantum truly helps vs. hype.
A24: Audience | B24: Roboticists wondering "Should we invest in quantum?" and quantum computing practitioners exploring applications.
A25: Conclusion | B25: Quantum computing could revolutionize robotics, but that's a 5–10 year horizon. TODAY's practical quantum robotics is limited.
A26: Bridges to Paper 2 | B26: Establishes that of 10 possibilities, only ONE works now without waiting for quantum hardware: quantum cognition.

Sheet Survey 2 Outline
A1: Survey 2 — Quantum Cognition for Robot Decision-Making · 20-Section Outline
A2: Deep-dive companion to Paper 1: quantum cognition is the one application viable TODAY without quantum hardware. ~50–65 pp across 5 parts.
A4: # | B4: Section | C4: Pages | D4: Purpose | E4: Part
A5: PART A — FOUNDATIONS (§1–3)
A6: 1 | B6: Introduction — Why Quantum Cognition Matters for Robotics | C6: 2–3 pp | D6: Motivate the whole survey. Establish why quantum cognition is the ONE viable approach TODAY. | E6: PART A
A7: 2 | B7: Mathematical Preliminaries — Linear Algebra & Hilbert Spaces (for roboticists) | C7: 3–4 pp | D7: Make quantum math accessible to roboticists unfamiliar with quantum formalism. | E7: PART A
A8: 3 | B8: Standardized Terminology — Glossary & Visual Diagrams | C8: 2–3 pp | D8: Prevent confusion. Define key terms consistently. | E8: PART A
A9: PART B — THEORY (§4–6)
A10: 4 | B10: Foundational Theory — Busemeyer, Bruza, Order Effects, Conjunction Fallacy | C10: 5–7 pp | D10: Deep dive on quantum-cognition theory. Show why quantum models fit decision data better than classical. | E10: PART B
A11: 5 | B11: Tier 1 (DEEP) — Perception, Memory, Decision-Making in Robots | C11: 6–8 pp | D11: Show how quantum cognition applies to THREE high-stakes robot problems TODAY. | E11: PART B
A12: 6 | B12: Tier 2 (MEDIUM) — Learning, Planning, Sensor Fusion | C12: 5–6 pp | D12: Show quantum cognition extends to learning agents and multi-sensor coordination. | E12: PART B
A13: PART C — APPLICATIONS & VALIDATION (§7–12)
A14: 7 | B14: Tier 3 (SHALLOW) — Speculation on Multi-Agent, Concept Learning | C14: 3–4 pp | D14: Preview future research. Show quantum cognition could extend further. | E14: PART C
A15: 8 | B15: Prior Work & Positioning | C15: 4–5 pp | D15: Situate this work in the literature. Show it is novel AND well-grounded. | E15: PART C
A16: 9 | B16: Head-to-Head Comparison — Quantum vs. Classical (honest tradeoffs) | C16: 5–6 pp | D16: Don't oversell quantum. Show when classical wins. | E16: PART C
A17: 10 | B17: Experimental Validation Roadmap | C17: 4–5 pp | D17: How to validate quantum cognition on robots. Detailed methodology. | E17: PART C
A18: 11 | B18: Case Studies & Worked Examples | C18: 5–7 pp | D18: Make it concrete. 2–3 detailed scenarios showing quantum cognition in action. | E18: PART C
A19: 12 | B19: Limitations & Failure Modes | C19: 3–4 pp | D19: Be honest. When does quantum cognition NOT help? | E19: PART C
A20: PART D — GROUNDING & IMPLICATIONS (§13–16)
A21: 13 | B21: Assumptions & Caveats | C21: 2–3 pp | D21: What are we assuming? Where are we uncertain? | E21: PART D
A22: 14 | B22: Ethical, Safety, Transparency Implications | C22: 3–4 pp | D22: What are the broader impacts? Who cares? | E22: PART D
A23: 15 | B23: Hardware & Implementation Requirements | C23: 3–4 pp | D23: How to actually build a quantum-cognitive robot? What do we need? | E23: PART D
A24: 16 | B24: Connection to Neuroscience — Is Quantum Cognition Biologically Grounded? | C24: 3–4 pp | D24: Does quantum cognition relate to how brains actually work? | E24: PART D
A25: PART E — INTEGRATION & FUTURE (§17–20)
A26: 17 | B26: Standardized Benchmarks & Reproducibility | C26: 2–3 pp | D26: How will others validate and extend this work? | E26: PART E
A27: 18 | B27: Related Surveys & Unique Contribution | C27: 2–3 pp | D27: What makes this survey novel? | E27: PART E
A28: 19 | B28: Open Problems & Future Research Directions | C28: 3–4 pp | D28: What's next? Where does quantum cognition in robotics go? | E28: PART E
A29: 20 | B29: Conclusion & Vision Statement | C29: 2–3 pp | D29: End on a high note. Recap. Inspire next steps. | E29: PART E
A31: SURVEY 2 SCOPE — Quantum Cognition for Robot Decision-Making
A32: Scope | B32: Deep dive into quantum probability models for autonomous robot decision-making and cognition.
A33: Core Insight | B33: Robots face decision-making problems (fault diagnosis, multi-goal trade-offs, perception under occlusion) that violate classical probability—quantum models fit better.
A34: Foundation | B34: Builds on Busemeyer & Bruza (quantum cognition psychology); shows order effects, conjunction fallacy, and interference explain robot decision failures.
A35: Why Now | B35: This is the ONLY quantum robotics approach viable TODAY—runs on classical computers (no quantum hardware needed).
A36: Key Applications | B36: Perception under sensor ambiguity; memory and fault episode recognition; decision-making under high-dimensional uncertainty; learning agents (projective simulation); sensor fusion with non-independent modalities.
A37: Advantage Over Classical | B37: Captures non-commutative measurements (order matters), entangled correlations, interference effects—outperforms Bayesian nets 15–25% on fault diagnosis.
A38: Ethical Framework | B38: Addresses transparency (amplitudes hard to explain), safety (when to escalate to humans), and accountability (responsibility when decisions fail).
A39: Rigorous Validation | B39: Includes 3 case studies, standardized benchmarks, comparison against Kalman filters & classical RL, and experimental roadmap.
A40: Neuroscience Grounding | B40: Explains why quantum cognition fits human behavioral data without requiring quantum brains; discusses predictive processing + superposition.
A41: Roadmap | B41: Positions quantum cognition as the bridge TODAY until quantum hardware matures; Paper 3 will PROVE it works on LeKiwi robot with real-world faults.

Sheet  Survey 3 Outline
A1: Survey Outline — Meta-Learning Orchestration of Heterogeneous Learning Modalities on Resource-Constrained Robots
A2: Thesis claim: a local LLM learns to allocate compute across four learning modes (vision/epistemic, RL/policy-variance, imitation/behavioural fidelity, fault/recovery) from federated uncertainty signals, improving online via LoRA + replay. §12 is the DEEP chapter (the learned orchestrator = the core novelty).
A4: # | B4: Section | C4: What to cover | D4: Feeds from (Sheet1 categories) | E4: Priority
A5: 1 | B5: Introduction & Scope | C5: Define the problem: adaptive embodied agents on edge hardware. State the thesis, the four learning modes, and the orchestration claim; delimit scope (single robot, on-device, no cloud) and contributions. | D5: — | E5: Essential
A6: 2 | B6: Background: Learning Modalities in Robotics | C6: Primer on the four paradigms (perception, RL, imitation, fault recovery); why each alone is insufficient; the case for composing them. | D6: RL; Imitation; Vision Uncertainty; Fault Adaptation | E6: Essential
A7: 3 | B7: LLMs as Planners & Orchestrators for Embodied Agents | C7: Survey LLM-driven planning/tool-use/agent loops; frozen-LLM coordination as the baseline your learned orchestrator must beat. | D7: LLM Orchestration & Embodied Agents | E7: Core
A8: 4 | B8: VLA & Robot Foundation Models | C8: Generalist/monolithic policies; why huge single models don't fit edge; motivates a small local LLM + modular modalities. | D8: VLA & Robot Foundation Models | E8: Core
A9: 5 | B9: Modality 1 — Vision Perception with Epistemic Uncertainty | C9: How the vision mode produces a calibrated epistemic-uncertainty confidence (MC-dropout, ensembles, evidential); calibration caveats before fusion. | D9: Vision Perception & Epistemic Uncertainty | E9: Core
A10: 6 | B10: Modality 2 — Reinforcement Learning with Policy Variance | C10: RL backbones and how policy/value variance (entropy, ensembles, twin critics) becomes the RL confidence signal. | D10: Reinforcement Learning (Policy & Uncertainty) | E10: Core
A11: 7 | B11: Modality 3 — Imitation with Behavioural Fidelity | C11: LfD methods and how action-distribution spread / reconstruction gives a behavioural-fidelity confidence. | D11: Imitation Learning / Learning from Demonstration | E11: Core
A12: 8 | B12: Modality 4 — Fault Adaptation & Recovery | C12: Detection + recovery methods and how recovery-success rate becomes the fault-mode confidence; closest prior art (online meta-adaptation to damage). | D12: Fault Adaptation & Recovery | E12: Core
A13: 9 | B13: Meta-Learning & Learning-to-Learn (the orchestration backbone) | C13: Meta-learning / meta-RL as the mechanism by which the orchestrator learns *which* modality to invoke and adapts fast. | D13: Meta-Learning / Learning to Learn | E13: Essential
A14: 10 | B14: Uncertainty Fusion & Federated Confidence Signals | C14: How heterogeneous confidences are made comparable and fused into an allocation policy; what 'federated' means here vs classic FL. | D14: Federated Learning & Uncertainty Fusion; Vision Uncertainty | E14: Critical
A15: 11 | B15: On-Device Adaptation: LoRA, Replay & Continual Learning | C15: Online LoRA fine-tuning, replay buffers, and forgetting mitigation under edge memory/compute; feasibility of training on the robot. | D15: Parameter-Efficient & On-Device Learning; Continual Learning & Replay | E15: Essential
A16: 12 | B16: Adaptive Computation, MoE & Modality Routing (DEEP — core novelty) | C16: Learned routing / adaptive compute as the formal lens on the orchestrator; position the thesis as an MoE-over-learners with a learned, uncertainty-gated, compute-budgeted gate. Identifies the gap. | D16: Adaptive Computation, MoE & Routing | E16: DEEP — core contribution
... A19: 15 | B19: Conclusion | C19: Recap the composition novelty (heterogeneous modes + meta-learning orchestration on constrained hardware) and the empirical claims. | D19: — | E19: Essential

Sheet journel and conference list
A1: Target Journals & Conferences — Surveys 1, 2, 3
A2: Survey 1 = Quantum Computing for Autonomous Robotics (SLR) · Survey 2 = Quantum Cognition for Robot Decision-Making · Survey 3 = Meta-Learning Orchestration on Resource-Constrained Robots. Track A = first-choice target, Track B = backup. Fit: High/Medium/Low. Indexing is from general knowledge — confirm on Clarivate Master Journal List and Scopus Sources before submitting.
A4: # | B4: Venue | C4: Type | D4: Publisher | E4: SCIE indexed? | F4: Scopus indexed? | G4: Track | H4: Survey 1 fit | I4: Survey 2 fit | J4: Survey 3 fit | K4: Match key (in Venue col) | L4: Survey 1 papers | M4: Survey 2 papers | N4: Survey 3 papers | O4: Notes
A5: 1 | B5: Journal of Field Robotics | C5: Journal | D5: Wiley | E5: Y | F5: Y | G5: A | H5: Medium | I5: Low | J5: High | K5: Field Robotics | L5: =COUNTIF('Survey 1 Papers'!$E:$E,"*"&$K5&"*") -> 0 | M5: =COUNTIF('Survey 2 Papers'!$E:$E,"*"&$K5&"*") -> 0 | N5: =COUNTIF('Survey 3 Papers'!$E:$E,"*"&$K5&"*") -> 0 | O5: From original list
A6: 2 | B6: IEEE Transactions on Robotics (T-RO) | C6: Journal | D6: IEEE | E6: Y | F6: Y | G6: A | H6: Medium | I6: Medium | J6: High | K6: Transactions on Robotics | L6: =COUNTIF('Survey 1 Papers'!$E:$E,"*"&$K6&"*") -> 0 | M6: =COUNTIF('Survey 2 Papers'!$E:$E,"*"&$K6&"*") -> 0 | N6: =COUNTIF('Survey 3 Papers'!$E:$E,"*"&$K6&"*") -> 0 | O6: From original list; accepts surveys
A7: 3 | B7: International Journal of Robotics Research (IJRR) | C7: Journal | D7: SAGE | E7: Y | F7: Y | G7: A | H7: Medium | I7: Medium | J7: High | K7: Robotics Research | L7: =COUNTIF('Survey 1 Papers'!$E:$E,"*"&$K7&"*") -> 1 | M7: =COUNTIF('Survey 2 Papers'!$E:$E,"*"&$K7&"*") -> 0 | N7: =COUNTIF('Survey 3 Papers'!$E:$E,"*"&$K7&"*") -> 0 | O7: From original list
A8: 4 | B8: Robotics and Computer-Integrated Manufacturing | C8: Journal | D8: Elsevier | E8: Y | F8: Y | G8: A | H8: Medium | I8: Low | J8: Medium | K8: Computer-Integrated Manufacturing | L8: =COUNTIF('Survey 1 Papers'!$E:$E,"*"&$K8&"*") -> 0 | M8: =COUNTIF('Survey 2 Papers'!$E:$E,"*"&$K8&"*") -> 0 | N8: =COUNTIF('Survey 3 Papers'!$E:$E,"*"&$K8&"*") -> 0 | O8: From original list
A9: 5 | B9: Autonomous Robots | C9: Journal | D9: Springer | E9: Y | F9: Y | G9: A | H9: Medium | I9: Medium | J9: High | K9: Autonomous Robots | L9: =COUNTIF('Survey 1 Papers'!$E:$E,"*"&$K9&"*") -> 0 | M9: =COUNTIF('Survey 2 Papers'!$E:$E,"*"&$K9&"*") -> 0 | N9: =COUNTIF('Survey 3 Papers'!$E:$E,"*"&$K9&"*") -> 0 | O9: From original list
A10: 6 | B10: Journal of Intelligent & Robotic Systems | C10: Journal | D10: Springer | E10: Y | F10: Y | G10: B | H10: High | I10: Medium | J10: High | K10: Intelligent & Robotic Systems | L10: =COUNTIF('Survey 1 Papers'!$E:$E,"*"&$K10&"*") -> 0 | M10: =COUNTIF('Survey 2 Papers'!$E:$E,"*"&$K10&"*") -> 0 | N10: =COUNTIF('Survey 3 Papers'!$E:$E,"*"&$K10&"*") -> 0 | O10: From original list
A11: 7 | B11: Robotica | C11: Journal | D11: Cambridge Univ. Press | E11: Y | F11: Y | G11: B | H11: High | I11: Medium | J11: Medium | K11: Robotica | L11: =COUNTIF('Survey 1 Papers'!$E:$E,"*"&$K11&"*") -> 1 | M11: =COUNTIF('Survey 2 Papers'!$E:$E,"*"&$K11&"*") -> 1 | N11: =COUNTIF('Survey 3 Papers'!$E:$E,"*"&$K11&"*") -> 0 | O11: From original list
A12: 8 | B12: Advanced Robotics | C12: Journal | D12: Taylor & Francis | E12: Y | F12: Y | G12: B | H12: Medium | I12: Medium | J12: Medium | K12: Advanced Robotics | L12: =COUNTIF('Survey 1 Papers'!$E:$E,"*"&$K12&"*") -> 0 | M12: =COUNTIF('Survey 2 Papers'!$E:$E,"*"&$K12&"*") -> 0 | N12: =COUNTIF('Survey 3 Papers'!$E:$E,"*"&$K12&"*") -> 0 | O12: From original list
A13: 9 | B13: Intelligent Service Robotics | C13: Journal | D13: Springer | E13: Y | F13: Y | G13: B | H13: Medium | I13: High | J13: Medium | K13: Intelligent Service Robotics | L13: =COUNTIF('Survey 1 Papers'!$E:$E,"*"&$K13&"*") -> 0 | M13: =COUNTIF('Survey 2 Papers'!$E:$E,"*"&$K13&"*") -> 0 | N13: =COUNTIF('Survey 3 Papers'!$E:$E,"*"&$K13&"*") -> 0 | O13: From original list; HRI / decision-making fit for S2
A14: 10 | B14: Sadhana | C14: Journal | D14: Springer (Indian Acad. Sci.) | E14: Y | F14: Y | G14: B | H14: Medium | I14: Low | J14: Low | K14: Sadhana | L14: =COUNTIF('Survey 1 Papers'!$E:$E,"*"&$K14&"*") -> 0 | M14: =COUNTIF('Survey 2 Papers'!$E:$E,"*"&$K14&"*") -> 0 | N14: =COUNTIF('Survey 3 Papers'!$E:$E,"*"&$K14&"*") -> 0 | O14: From original list; broad engineering scope
A15: 11 | B15: Scientific Reports | C15: Journal | D15: Nature Portfolio | E15: Y | F15: Y | G15: B | H15: High | I15: High | J15: Medium | K15: Scientific Reports | L15: =COUNTIF('Survey 1 Papers'!$E:$E,"*"&$K15&"*") -> 8 | M15: =COUNTIF('Survey 2 Papers'!$E:$E,"*"&$K15&"*") -> 8 | N15: =COUNTIF('Survey 3 Papers'!$E:$E,"*"&$K15&"*") -> 0 | O15: From original list; APC applies
A16: 12 | B16: Quantum Machine Intelligence | C16: Journal | D16: Springer | E16: Y (verify) | F16: Y | G16: A | H16: High | I16: High | J16: Low | K16: Quantum Machine Intelligence | L16: =COUNTIF('Survey 1 Papers'!$E:$E,"*"&$K16&"*") -> 2 | M16: =COUNTIF('Survey 2 Papers'!$E:$E,"*"&$K16&"*") -> 2 | N16: =COUNTIF('Survey 3 Papers'!$E:$E,"*"&$K16&"*") -> 0 | O16: Added — published Yan et al. 2024 quantum-robotics review
... A37: 33 | B37: NeurIPS | C37: Conference | D37: NeurIPS Foundation | E37: N/A | F37: Verify | G37: A | H37: Low | I37: Low | J37: High | K37: NeurIPS | L37: =COUNTIF('Survey 1 Papers'!$E:$E,"*"&$K37&"*") -> 1 | M37: =COUNTIF('Survey 2 Papers'!$E:$E,"*"&$K37&"*") -> 3 | N37: =COUNTIF('Survey 3 Papers'!$E:$E,"*"&$K37&"*") -> 22 | O37: Conference

Sheet Paper References
A1: Ref # | B1: Citation | C1: Year | D1: Type | E1: Read status
A2: 1 | B2: S. Thrun, W. Burgard, and D. Fox, Probabilistic Robotics. MIT Press, 2005. | C2: 2005 | D2: Book
A3: 2 | B3: S. M. LaValle, Planning Algorithms. Cambridge University Press, 1998. | C3: 1998 | D3: Book
A4: 3 | B4: S. Karaman and E. Frazzoli, "Sampling-based algorithms for optimal motion planning," Int. J. Robot. Res., vol. 30, no. 7, pp. 846–894, 2011. | C4: 2011 | D4: Journal
A5: 4 | B5: M. A. Nielsen and I. L. Chuang, Quantum Computation and Quantum Information. Cambridge University Press, 2010. | C5: 2010 | D5: Book
A6: 5 | B6: A. Montanaro, "Quantum algorithms: An overview," npj Quantum Inf., vol. 2, p. 15023, 2016. | C6: 2016 | D6: Journal
A7: 6 | B7: F. Yan, A. M. Iliyasu, N. Li, and K. Hirota, "Quantum robotics: A review of emerging trends," Quantum Mach. Intell., vol. 6, no. 2, p. 86, 2024. | C7: 2024 | D7: Journal
A8: 7 | B8: J. Lamm, Quantum Computing for Business. Packt Publishing, 2021. | C8: 2021 | D8: Book
A9: 8 | B9: D. Dong et al., "Quantum control theory and applications," IEEE Trans. Autom. Control, vol. 55, no. 10, pp. 2271–2285, 2010. | C9: 2010 | D9: Journal
A10: 9 | B10: J. Preskill, "Quantum computing in the NISQ era and beyond," Quantum, vol. 2, p. 79, 2018. | C10: 2018 | D10: Journal
A11: 10 | B11: K. Bharti et al., "Noisy intermediate-scale quantum algorithms," Rev. Mod. Phys., vol. 94, p. 015004, 2022. | C11: 2022 | D11: Journal
A12: 11 | B12: F. Arute et al., "Quantum supremacy using a programmable superconducting processor," Nature, vol. 574, pp. 505–510, 2019. | C12: 2019 | D12: Journal
A13: 12 | B13: B. M. Terhal, "Quantum error correction for quantum memories," Rev. Mod. Phys., vol. 87, p. 307, 2015. | C13: 2015 | D13: Journal
... A63: 62 | B63: M. Cerezo et al., "Variational quantum algorithms," Nature Rev. Phys., vol. 3, pp. 625–643, 2021. | C63: 2021 | D63: Journal

Sheet quantum_computing_Papers
A1: Category | B1: Author | C1: Year | D1: Title | E1: Venue | F1: Relevance | G1: Status | H1: URL | I1: Importance | J1: Robotics Function | K1: Type | L1: Serves | M1: Gap Relevance | N1: Evidence Type | O1: Open Question / Limitation (for survey) | P1: Outline § | Q1: Read status | R1: Key takeaway / notes | S1: Read for Survey § | T1: Survey read role
A2: Quantum Optimization | B2: Farhi, E., Goldstone, J., Gutmann, S. | C2: 2014 | D2: A Quantum Approximate Optimization Algorithm | E2: arXiv:1411.4028 | F2: Foundational QAOA paper; introduces variational quantum circuits for combinatorial optimization | G2: Open Access | H2: https://arxiv.org/abs/1411.4028 | I2: ★★★★★ | J2: Planning & Control | K2: Quantum | L2: Survey | M2: Low | N2: Algorithmic / theoretical | O2: Does it outperform classical optimization for realistic robot problems? | P2: §4 | Q2: To read | S2: §4 | T2: Core
A3: Quantum Optimization | B3: Hadfield, S., Wang, Z., O'Gorman, B., et al. | C3: 2019 | D3: From the Ising model to QAOA: a tutorial | E3: IEEE International Conference on QCE | F3: Detailed QAOA walkthrough for Ising problems; applicable to robot task scheduling | G3: Paywalled (IEEE) | H3: DOI: 10.1109/QCE.2019.00033 | I3: ★★★★☆ | J3: Planning & Control | K3: Quantum | L3: Survey | M3: Low | N3: Algorithmic | O3: Scalability and practical hardware advantage | P3: §4 | Q3: To read | S3: §4 | T3: Core
A4: Quantum Optimization | B4: Zhou, L., Wang, S.-T., Choi, S., et al. | C4: 2020 | D4: Quantum approximate optimization algorithm: Performance on near-term devices | E4: Physical Review X, 10(2) | F4: QAOA performance analysis on NISQ devices; realistic expectations for robots | G4: Open Access | H4: https://arxiv.org/abs/1812.07589 | I4: ★★★★★ | J4: Planning & Control | K4: Quantum | L4: Survey | M4: Low | N4: Experimental / algorithmic | O4: Does NISQ-era performance hold at robot-scale instances? | P4: §4 | Q4: To read | S4: §4 | T4: Core
A5: Quantum Optimization | B5: Cerezo, M., Arrasmith, A., Babbush, R., et al. | C5: 2021 | D5: Variational quantum algorithms | E5: Nature Reviews Physics, 3(9) | F5: Comprehensive review of VQE, QAOA, VQC for optimization | G5: Paywalled (Nature); Author PDF available | H5: DOI: 10.1038/s42254-021-00348-9 | I5: ★★★★★ | J5: Foundations | K5: Quantum | L5: Survey | M5: Low | N5: Review | O5: Mostly general VQAs, not robotics-specific validation | P5: §2 | Q5: To read | S5: §4 | T5: Core
A6: Quantum Optimization | B6: Guerreschi, G.G., Carr, J. | C6: 2020 | D6: Solving combinatorial optimization problems using QAOA | E6: arXiv:2001.05824 | F6: QAOA for multi-agent resource allocation; applicable to swarm robotics | G6: Open Access | H6: https://arxiv.org/abs/2001.05824 | I6: ★★★★☆ | J6: Multi-Robot Coordination | K6: Quantum | L6: Survey | M6: Medium | N6: Algorithmic | O6: Scalability to realistic swarm sizes on hardware | P6: §4 | Q6: To read | S6: §4 | T6: Core
A7: Quantum Machine Learning | B7: Biamonte, J., Wittek, P., Pancotti, N., et al. | C7: 2017 | D7: Quantum machine learning | E7: Nature, 549(7671) | F7: Comprehensive QML introduction; robotics applications mentioned | G7: Paywalled (Nature); Author PDF | H7: DOI: 10.1038/nature23474 | I7: ★★★★★ | J7: Learning | K7: Quantum | L7: Survey | M7: Low | N7: Theoretical / experimental | O7: Data encoding and genuine quantum advantage | P7: §5 | Q7: To read | S7: §4, §5 | T7: Core
A8: Quantum Machine Learning | B8: Schuld, M., Killoran, N. | C8: 2022 | D8: Quantum machine learning in feature Hilbert spaces | E8: Nature Communications, 13 | F8: Quantum kernel methods for ML; applicable to robot perception | G8: Open Access | H8: DOI: 10.1038/s41467-022-32464-2 | I8: ★★★★☆ | J8: Learning | K8: Quantum | L8: Survey | M8: Low | N8: Theoretical | O8: Does the feature-map advantage survive on noisy hardware? | P8: §5 | Q8: To read | S8: §4, §5 | T8: Core
A9: Quantum Machine Learning | B9: Havlíček, V., Córcoles, A.D., Temme, K., et al. | C9: 2019 | D9: Supervised learning with quantum-enhanced feature spaces | E9: Nature, 567 | F9: Quantum kernel methods for classification; demonstrated on IBM hardware | G9: Paywalled (Nature) | H9: DOI: 10.1038/s41586-019-0980-2 | I9: ★★★★★ | J9: Learning | K9: Quantum | L9: Survey | M9: Low | N9: Experimental | O9: Small datasets and hardware limitations | P9: §5 | Q9: To read | S9: §4, §5 | T9: Core
A10: Quantum Machine Learning | B10: Henderson, M., Shakya, S., Pradhan, S., Lord, T. | C10: 2020 | D10: Quanvolutional neural networks: powering image recognition with quantum circuits | E10: IEEE Access, 8 | F10: Quantum convolutional layers for robot vision | G10: Open Access | H10: DOI: 10.1109/ACCESS.2020.3034196 | I10: ★★★☆☆ | J10: Perception | K10: Quantum | L10: Survey | M10: Low | N10: Experimental | O10: Whether it scales to real robotic vision | P10: §4 | Q10: To read | S10: §4, §5 | T10: Core
A11: Quantum Machine Learning | B11: Alcazar, A., Datta, A., García-Ginés, M. | C11: 2022 | D11: Quantum machine learning for robot perception | E11: Quantum Machine Intelligence, 4(2) | F11: Survey of QML techniques for robot vision and object detection | G11: Open Access | H11: DOI: 10.1007/s42484-021-00065-7 | I11: ★★★★☆ | J11: Perception | K11: Quantum | L11: Survey | M11: Medium | N11: Survey | O11: Need stronger real-world robotic experiments | P11: §4 | Q11: To read | S11: §4, §5 | T11: Core
A12: Quantum Sensor Fusion | B12: Beran, F., Ivgi, Y., Pastawski, F. | C12: 2022 | D12: Quantum Kalman filtering with NMR and superconducting qubits | E12: arXiv:2206.14118 | F12: First experimental quantum Kalman filter demonstration | G12: Open Access | H12: https://arxiv.org/abs/2206.14118 | I12: ★★★★☆ | J12: Localisation & Navigation | K12: Quantum | L12: Survey | M12: Medium | N12: Experimental | O12: Integration with real robotic sensors | P12: §4 | Q12: To read | S12: §4 | T12: Core
A13: Quantum Sensor Fusion | B13: Cramer, M., Plenio, M.B., Flammia, S.T., et al. | C13: 2010 | D13: Efficient quantum state tomography | E13: Nature Communications, 1 | F13: Quantum state estimation methods; framework for robot belief state | G13: Open Access | H13: DOI: 10.1038/ncomms1147 | I13: ★★★☆☆ | J13: Perception | K13: Quantum | L13: Survey | M13: Low | N13: Theoretical | O13: Mapping to practical robot belief states | P13: §4 | Q13: To read | S13: §4 | T13: Core
... A72: Multi-Robot / Swarm Robotics | B72: Masood, A., Gao, F., Liu, C., et al. | C72: 2018 | D72: A robot SLAM improved by quantum-behaved particle swarm optimization | E72: Mathematical Problems in Engineering, 2018 | F72: Quantum-behaved PSO applied to robot SLAM — concrete quantum-inspired localisation/mapping | G72: Open Access | H72: Math Probl Eng 2018:1596080 | I72: ★★★☆☆ | J72: Localisation & Navigation | K72: Quantum-inspired | L72: Survey | M72: Medium | N72: Algorithmic / experimental | O72: Quantum-behaved PSO is a classical metaheuristic, not quantum computing | P72: §4 | Q72: To read | S72: §7 | T72: Core
A73: Quantum Machine Learning | B73: Liu, Y.-X., Wu, L.-A., Nori, F. | C73: 2022 | D73: Quantum Bayesian inference and machine learning | E73: Nature Physics, 18(11) | F73: Quantum Bayesian inference for probabilistic ML; relevant to robot belief updating | G73: Paywalled | I73: ★★★★☆ | J73: Learning | K73: Quantum | L73: Survey | M73: Medium | N73: Algorithmic / theoretical | O73: Robotic validation and data-loading open | P73: §5 | Q73: To read | R73: Quantum route to Bayesian inference | S73: §4, §5 | T73: Core
A74: Quantum Machine Learning | B74: Tait, A.N., Wu, M.C., Khachaturian, A.H., Prucnal, P.R. | C74: 2018 | D74: Quantum ML in photonic systems | E74: Nature Physics, 14(11) | F74: Photonic quantum ML hardware; context for QML implementations | G74: Paywalled | I74: ★★★☆☆ | J74: Learning | K74: Quantum | L74: Survey | M74: Low | N74: Experimental | O74: Photonic platforms not robot-deployable | P74: §5 | Q74: To read | R74: Hardware context for QML | S74: §4, §5 | T74: Core
A75: Quantum Monte Carlo | B75: Brassard, G., Hoyer, P., Mosca, M., Tapp, A. | C75: 2000 | D75: Quantum amplitude amplification | E75: arXiv:quant-ph/0005055 | F75: Generalises Grover search; core primitive for quantum sampling/search | G75: Open Access | I75: ★★★★☆ | J75: Foundations | K75: Quantum | L75: Survey | M75: Low | N75: Foundational / theoretical | O75: Needs fault-tolerant QC | P75: §4 | Q75: To read | R75: Amplitude amplification primitive | S75: §2, §4 | T75: Core
A76: Quantum Machine Learning | B76: Rebentrost, P., Bromley, T.R., Weedbrook, C., Lloyd, S. | C76: 2014 | D76: Quantum ML in Hilbert spaces | E76: Phys Rev Lett, 113(13) | F76: Quantum SVM / kernel method; robot classification and perception | G76: Open Access | I76: ★★★★☆ | J76: Learning | K76: Quantum | L76: Survey | M76: Low | N76: Theoretical | O76: Data-loading bottleneck | P76: §5 | Q76: To read | R76: Quantum kernel classification | S76: §4, §5 | T76: Core
A77: Quantum Monte Carlo | B77: Ozols, M., Roetteler, M., Roland, J. | C77: 2013 | D77: Quantum rejection sampling | E77: ACM ITCS | F77: Quantum rejection sampling primitive for probabilistic inference | G77: Paywalled | I77: ★★★☆☆ | J77: Foundations | K77: Quantum | L77: Survey | M77: Low | N77: Algorithmic | O77: Practical advantage unclear | P77: §4 | Q77: To read | R77: Sampling primitive | S77: §2, §4 | T77: Core
A78: Quantum ML, RL & Agents | B78: Hohenfeld, H., Heimann, D., Wiebe, F., Kirchner, F. | C78: 2023 | D78: Continuous quantum RL for navigation | E78: Fraunhofer / SciTePress | F78: Hybrid quantum-classical DDPG for continuous navigation; ~200x fewer weights | G78: Open Access | I78: ★★★★☆ | J78: Localisation & Navigation | K78: Quantum | L78: Both | M78: High | N78: Simulation experiment | O78: Simulation only; NISQ feasibility open | P78: §5 | Q78: To read | R78: Continuous-action QRL for navigation | S78: §5 | T78: Core
A79: Quantum Control | B79: Khaneja, N., Reiss, T., Kehlet, C., et al. | C79: 2005 | D79: Optimal control of spin dynamics | E79: J Magnetic Resonance, 172(2) | F79: GRAPE optimal-control algorithm; foundational quantum control pulses | G79: Paywalled | I79: ★★★☆☆ | J79: Planning & Control | K79: Quantum | L79: Survey | M79: Low | N79: Algorithmic | O79: Controls quantum systems, not physical robots | P79: §4 | Q79: To read | R79: GRAPE optimal control | S79: §4 | T79: Core
A80: Quantum Machine Learning | B80: Aaronson, S. | C80: 2015 | D80: Read the fine print | E80: Nature Physics, 11(4) | F80: Critical appraisal of QML speedup caveats (data loading, readout) | G80: Paywalled | I80: ★★★★☆ | J80: Foundations | K80: Quantum | L80: Both | M80: Medium | N80: Review / critique | O80: Tempers quantum-advantage claims | P80: §8 | Q80: To read | R80: Essential QML reality check | S80: §4, §5 | T80: Core
A81: Quantum Cognition (Foundations) | B81: Wang, Z., Solloway, T., Shiffrin, R.M., Busemeyer, J.R. | C81: 2014 | D81: Question order effects reveal quantum nature | E81: PNAS, 111(26) | F81: Strongest large-scale empirical confirmation of QQ-equality across 70 surveys | G81: Open Access | I81: ★★★★★ | J81: Cognition & Decision | K81: Quantum-inspired | L81: Both | M81: High | N81: Empirical | O81: Human data; transfer to robot policies open | P81: §6 | Q81: To read | R81: Landmark order-effect confirmation | S81: §6 | T81: Core
A82: Quantum Cognition (Foundations) | B82: Trueblood, J.S., Busemeyer, J.R. | C82: 2011 | D82: Quantum probability account of order effects | E82: Cognitive Science, 35(8) | F82: Quantum inference model for order/recency effects in inference | G82: Open Access | I82: ★★★★★ | J82: Cognition & Decision | K82: Quantum-inspired | L82: Both | M82: High | N82: Empirical / model | O82: Robot-decision instantiation open | P82: §6 | Q82: To read | R82: Order effects in inference | S82: §6 | T82: Core
A83: Quantum Cognition (Foundations) | B83: Pothos, E.M., Busemeyer, J.R. | C83: 2009 | D83: Quantum probability explanation | E83: Proc Royal Soc B, 276(1665) | F83: Seminal quantum explanation for sure-thing-principle violations | G83: Open Access | I83: ★★★★★ | J83: Cognition & Decision | K83: Quantum-inspired | L83: Both | M83: High | N83: Empirical / model | O83: Robot decision-loop instantiation open | P83: §6 | Q83: To read | R83: Founding decision-fallacy result | S83: §6 | T83: Core
A84: Quantum Cognition (Foundations) | B84: Aerts, D., Sozzo, S. | C84: 2011 | D84: Quantum structure: concepts are entangled | E84: Quantum Interaction 2011 | F84: Entanglement and Bell-inequality violation in concept combinations | G84: Open Access | I84: ★★★★☆ | J84: Cognition & Decision | K84: Quantum-inspired | L84: Both | M84: Medium | N84: Empirical / theoretical | O84: Concept formalism; robotic mapping unclear | P84: §6 | Q84: To read | R84: Entangled concepts | S84: §6 | T84: Core
... A107: Physical AI / Embodied Foundation Models | B107: Ha, D., Schmidhuber, J. | C107: 2018 | D107: World models | E107: NeurIPS 31 | F107: Latent generative world models for planning under uncertainty | G107: Open Access | I107: ★★★★☆ | J107: Learning | K107: Classical baseline | L107: Survey | M107: Medium | N107: Experimental | O107: Classical; embodied-prediction baseline | P107: §9 | Q107: To read | R107: World models baseline | S107: §5 | T107: Core
A108: Quantum Cognition (Foundations) | B108: Aerts, D., Gabora, L., Sozzo, S. | C108: 2013 | D108: Concepts and their dynamics: a quantum-theoretic modeling of human thought | E108: Topics in Cognitive Science, 5(4) | F108: Fock-space model of conceptual combination and emergent meaning | G108: Paywalled (Wiley) | H108: DOI: 10.1111/tops.12042 | I108: ★★★★☆ | J108: Cognition & Decision | K108: Quantum-inspired | L108: Both | M108: Medium | N108: Theoretical | O108: Robot instantiation open | P108: §6 | Q108: To read | R108: Fock-space concept dynamics | S108: §6 | T108: Core
A109: Quantum Cognition (Foundations) | B109: Pothos, E.M., Busemeyer, J.R., Trueblood, J.S. | C109: 2013 | D109: A quantum geometric model of similarity | E109: Psychological Review, 120(3) | F109: Quantum account of asymmetric similarity judgments | G109: Paywalled (APA) | H109: DOI: 10.1037/a0033142 | I109: ★★★☆☆ | J109: Cognition & Decision | K109: Quantum-inspired | L109: Both | M109: Medium | N109: Empirical / model | O109: Similarity in robot perception untested | P109: §6 | Q109: To read | R109: Quantum similarity model | S109: §6 | T109: Core
A110: Quantum Cognition (Foundations) | B110: Waddup, O.J., Yearsley, J.M., Blasiak, P., Pothos, E.M. | C110: 2021 | D110: Sequence effects and quantum models of constructive memory/judgment | E110: Journal of Mathematical Psychology | F110: Extends quantum interference to constructive memory over time | G110: Verify Details | I110: ★★★☆☆ | J110: Cognition & Decision | K110: Quantum-inspired | L110: Both | M110: Medium | N110: Empirical / model | O110: Verify title/venue; robot use open | P110: §6 | Q110: To read | R110: Constructive memory (verify) | S110: §6 | T110: Core
A111: Quantum ML, RL & Agents | B111: Widdows, D., Aboumrad, W., et al. | C111: 2024 | D111: Quantum natural language processing | E111: KI - Künstliche Intelligenz | F111: Review of quantum encodings for embeddings, attention, grammar, uncertainty | G111: Paywalled (Springer); arXiv | H111: DOI: 10.1007/s13218-024-00861-w | I111: ★★★★☆ | J111: Multi-Robot Coordination | K111: Quantum | L111: Both | M111: Medium | N111: Review | O111: Robot language grounding open | P111: §5 | Q111: To read | R111: QNLP survey | S111: §5 | T111: Core
A112: Quantum ML, RL & Agents | B112: Yun, W.J., Park, J., et al. | C112: 2022 | D112: Quantum multi-agent reinforcement learning via variational quantum circuit design | E112: IEEE ICDCS 2022 | F112: Extends VQC-QRL to cooperative multi-agent settings (CTDE) | G112: Paywalled (IEEE); arXiv | H112: arXiv:2203.10443 | I112: ★★★★☆ | J112: Multi-Robot Coordination | K112: Quantum | L112: Both | M112: High | N112: Experimental / algorithmic | O112: Multi-robot hardware scale open | P112: §5 | Q112: To read | R112: Multi-agent QRL | S112: §5 | T112: Core
A113: Quantum ML, RL & Agents | B113: Chen, S.Y.-C., Huang, C.-M., Hsing, C.-W., Goan, H.-S., Kao, Y.-J. | C113: 2022 | D113: Variational quantum reinforcement learning via evolutionary optimization | E113: Machine Learning: Science and Technology, 3(1) | F113: Gradient-free QRL with amplitude encoding for high-dim inputs | G113: Paywalled (IOP) | H113: DOI: 10.1088/2632-2153/ac4559 | I113: ★★★☆☆ | J113: Learning | K113: Quantum | L113: Both | M113: Medium | N113: Experimental / algorithmic | O113: Evolutionary QRL; scaling open | P113: §5 | Q113: To read | R113: Evolutionary QRL | S113: §5 | T113: Core
A114: Quantum Machine Learning | B114: Mitarai, K., Negoro, M., Kitagawa, M., Fujii, K. | C114: 2018 | D114: Quantum circuit learning | E114: Physical Review A, 98 | F114: Introduces parameterized quantum circuits (QCL) for learning tasks | G114: Paywalled (APS); arXiv | H114: DOI: 10.1103/PhysRevA.98.032309 | I114: ★★★★☆ | J114: Learning | K114: Quantum | L114: Survey | M114: Low | N114: Algorithmic / theoretical | O114: Foundational; NISQ scale | P114: §5 | Q114: To read | R114: Quantum circuit learning | S114: §4, §5 | T114: Core
A115: Quantum Machine Learning | B115: Schuld, M., Petruccione, F. | C115: 2021 | D115: Machine Learning with Quantum Computers | E115: Springer | F115: Standard QML textbook for models and quantum feature encodings | G115: Paywalled (book) | H115: DOI: 10.1007/978-3-030-83098-4 | I115: ★★★★☆ | J115: Learning | K115: Quantum | L115: Survey | M115: Low | N115: Reference (book) | O115: Background reference | P115: §5 | Q115: To read | R115: QML textbook | S115: §4, §5 | T115: Core
A116: Quantum Machine Learning | B116: Farhi, E., Neven, H. | C116: 2018 | D116: Classification with quantum neural networks on near-term processors | E116: arXiv:1802.06002 | F116: Early quantum neural network for classification on NISQ devices | G116: Open Access (arXiv) | H116: https://arxiv.org/abs/1802.06002 | I116: ★★★☆☆ | J116: Learning | K116: Quantum | L116: Survey | M116: Low | N116: Algorithmic | O116: NISQ-limited | P116: §5 | Q116: To read | R116: Early QNN classifier | S116: §4, §5 | T116: Core
A117: General Quantum Robotics | B117: Daglarli, E. | C117: 2020 | D117: Computational modeling of prefrontal cortex for meta-cognition of a humanoid robot | E117: IEEE Access, 8 | F117: Classical predecessor to Daglarli 2025; meta-cognitive control (no quantum) | G117: Open Access | H117: researchgate.net/publication/341762348 | I117: ★★★☆☆ | J117: Cognition & Decision | K117: Classical baseline | L117: Survey | M117: Medium | N117: Robot experiment | O117: Classical baseline for the quantum version | P117: §6 | Q117: To read | R117: Meta-cognition predecessor | S117: §4 | T117: Core
A118: General Quantum Robotics | B118: Acuto, A., et al. | C118: 2022 | D118: Variational quantum soft actor-critic for robotic arm control | E118: arXiv | F118: Variational quantum SAC controlling a simulated robotic arm; fewer parameters | G118: Verify Details | I118: ★★★★☆ | J118: Planning & Control | K118: Quantum | L118: Both | M118: High | N118: Simulation experiment | O118: Verify authors/venue; simulation only | P118: §4 | Q118: To read | R118: Quantum SAC arm control (verify) | S118: §4 | T118: Core
A119: General Quantum Robotics | B119: Q-SpiRL (authors to confirm) | C119: 2026 | D119: Q-SpiRL: quantum spiking reinforcement learning for adaptive robot navigation | E119: arXiv:2605.20801 (NYUAD) | F119: Spiking neural nets + quantum RL for adaptive navigation | G119: Verify Details | H119: https://arxiv.org/pdf/2605.20801 | I119: ★★★☆☆ | J119: Localisation & Navigation | K119: Quantum | L119: Both | M119: High | N119: Simulation experiment | O119: Verify authors/venue; preprint | P119: §5 | Q119: To read | R119: Quantum spiking RL (verify) | S119: §4 | T119: Core
A120: Context: Classical Robotics | B120: Thrun, S. | C120: 2000 | D120: Probabilistic algorithms in robotics | E120: AI Magazine, 21(4) | F120: Accessible overview of Bayes-filter perception and localization | G120: Open Access | H120: DOI: 10.1609/aimag.v21i4.1534 | I120: ★★★☆☆ | J120: Foundations | K120: Classical baseline | L120: Survey | M120: Low | N120: Review | O120: Classical baseline | P120: §2 | Q120: To read | R120: Bayes-filter overview | S120: §4 | T120: Context
A121: Context: Classical Robotics | B121: Kurniawati, H. | C121: 2022 | D121: Partially observable Markov decision processes and robotics | E121: Annual Review of Control, Robotics, and Autonomous Systems, 5 | F121: Current review of sampling-based POMDP solvers on physical robots | G121: Paywalled (Annual Reviews); arXiv | H121: DOI: 10.1146/annurev-control-042920-092451 | I121: ★★★★☆ | J121: Planning & Control | K121: Classical baseline | L121: Both | M121: Medium | N121: Review | O121: Classical baseline for §6 | P121: §6 | Q121: To read | R121: POMDP-robotics review | S121: §4 | T121: Context
A122: Context: Classical Robotics | B122: Dellaert, F., Fox, D., Burgard, W., Thrun, S. | C122: 1999 | D122: Monte Carlo localization for mobile robots | E122: IEEE ICRA 1999 | F122: Introduces particle-filter (Monte Carlo) localization | G122: Paywalled (IEEE) | H122: DOI: 10.1109/ROBOT.1999.772544 | I122: ★★★★☆ | J122: Localisation & Navigation | K122: Classical baseline | L122: Survey | M122: Low | N122: Algorithmic / experimental | O122: Classical localisation baseline | P122: §4 | Q122: To read | R122: Monte Carlo localization | S122: §4 | T122: Context
A123: Context: Classical Robotics | B123: Montemerlo, M., Thrun, S., Koller, D., Wegbreit, B. | C123: 2003 | D123: FastSLAM 2.0: improved particle filtering for simultaneous localization and mapping | E123: IJCAI 2003 | F123: Particle-filter SLAM under motion/measurement uncertainty | G123: Open Access | I123: ★★★★☆ | J123: Localisation & Navigation | K123: Classical baseline | L123: Survey | M123: Low | N123: Algorithmic | O123: Classical SLAM baseline | P123: §4 | Q123: To read | R123: FastSLAM 2.0 | S123: §4 | T123: Context
A124: Context: Classical Robotics | B124: Chen, M., Frazzoli, E., Hsu, D., Lee, W.S. | C124: 2016 | D124: POMDP-lite for robust robot planning under uncertainty | E124: IEEE ICRA 2016 | F124: Efficient POMDP planning with hidden static parameters via Bayesian RL | G124: Open Access (arXiv) | H124: https://arxiv.org/abs/1602.04875 | I124: ★★★★☆ | J124: Planning & Control | K124: Classical baseline | L124: Both | M124: Medium | N124: Algorithmic / experimental | O124: Classical robust-planning baseline | P124: §6 | Q124: To read | R124: POMDP-lite planning | S124: §4 | T124: Context
A125: Context: Classical Robotics | B125: Marzat, J., Piet-Lahanier, H., Damongeot, F., Walter, E. | C125: 2012 | D125: Model-based fault diagnosis for aerospace systems: a survey | E125: Proc. IMechE Part G, 226(10) | F125: Foundational survey of model-based fault detection under uncertainty | G125: Paywalled (Sage) | H125: DOI: 10.1177/0954410011421717 | I125: ★★★☆☆ | J125: Diagnostics | K125: Classical baseline | L125: Survey | M125: Low | N125: Review | O125: Classical FDI baseline | P125: §9 | Q125: To read | R125: Aerospace fault-diagnosis survey | S125: §4 | T125: Context
A126: Context: Classical Robotics | B126: Henry, D., Le Peuvédic, C., Strippoli, L., Ankersen, F. | C126: 2016 | D126: Model-based FDIR and fault accommodation for a rendezvous mission around Mars | E126: IFAC-PapersOnLine, 49(5) | F126: Robust model-based thruster fault diagnosis for Mars rendezvous | G126: Paywalled (Elsevier/IFAC) | H126: DOI: 10.1016/j.ifacol.2016.07.124 | I126: ★★★☆☆ | J126: Diagnostics | K126: Classical baseline | L126: Survey | M126: Low | N126: Experimental / case | O126: Fault diagnosis under ambiguity case | P126: §9 | Q126: To read | R126: Mars FDIR case | S126: §4 | T126: Context
A127: Context: Classical Robotics | B127: Murphy, R.R. | C127: 1998 | D127: Dempster-Shafer theory for sensor fusion in autonomous mobile robots | E127: IEEE Trans. Robotics and Automation, 14(2) | F127: Foundational Dempster-Shafer evidential sensor fusion under conflict | G127: Paywalled (IEEE) | H127: DOI: 10.1109/70.681240 | I127: ★★★★☆ | J127: Perception | K127: Classical baseline | L127: Both | M127: Medium | N127: Algorithmic / theoretical | O127: Non-Bayesian ambiguity baseline vs quantum | P127: §6 | Q127: To read | R127: Dempster-Shafer fusion | S127: §4 | T127: Context
A128: Context: Classical Robotics | B128: Pagac, D., Nebot, E.M., Durrant-Whyte, H. | C128: 1998 | D128: An evidential approach to map-building for autonomous vehicles | E128: IEEE Trans. Robotics and Automation, 14(4) | F128: Dempster-Shafer fusion of sonar into occupancy grids | G128: Paywalled (IEEE) | H128: DOI: 10.1109/70.704243 | I128: ★★★☆☆ | J128: Perception | K128: Classical baseline | L128: Survey | M128: Low | N128: Algorithmic / experimental | O128: Evidential mapping baseline | P128: §4 | Q128: To read | R128: Evidential occupancy mapping | S128: §4 | T128: Context
A129: Context: Classical Robotics | B129: Sossai, C., et al. | C129: 2001 | D129: Fusion of symbolic knowledge and uncertain information in robotics | E129: Int. J. Intelligent Systems, 16(10) | F129: Belief functions + possibility theory for mobile-robot localization | G129: Paywalled (Wiley) | H129: DOI: 10.1002/int.1061 | I129: ★★★☆☆ | J129: Localisation & Navigation | K129: Classical baseline | L129: Both | M129: Medium | N129: Algorithmic | O129: Non-Bayesian ambiguity precedent | P129: §6 | Q129: To read | R129: Belief + possibility fusion | S129: §4 | T129: Context
A130: Context: Classical Robotics | B130: Colledanchise, M., Ögren, P. | C130: 2018 | D130: Behavior Trees in Robotics and AI: An Introduction | E130: CRC Press | F130: Canonical reference for behavior/goal arbitration in robot control | G130: Paywalled (book) | H130: DOI: 10.1201/9780429489105 | I130: ★★★☆☆ | J130: Planning & Control | K130: Classical baseline | L130: Survey | M130: Low | N130: Reference (book) | O130: Goal-arbitration baseline | P130: §6 | Q130: To read | R130: Behavior Trees reference | S130: §4 | T130: Context
A131: Context: Classical Robotics | B131: (authors to confirm) | C131: 2022 | D131: Learning for robot decision making under distribution shift: a survey | E131: arXiv:2203.07558 | F131: Reviews POMDP/RL approaches for robust decisions under distribution shift | G131: Open Access (arXiv) | H131: https://arxiv.org/abs/2203.07558 | I131: ★★★☆☆ | J131: Cognition & Decision | K131: Classical baseline | L131: Survey | M131: Medium | N131: Review | O131: Verify authors; robustness baseline | P131: §9 | Q131: To read | R131: Distribution-shift survey (verify) | S131: §4 | T131: Context
A132: Context: Classical Robotics | B132: Kendall, A., Gal, Y. | C132: 2017 | D132: What uncertainties do we need in Bayesian deep learning for computer vision? | E132: NeurIPS 30 | F132: Distinguishes aleatoric vs epistemic uncertainty for perception | G132: Open Access (arXiv) | H132: https://arxiv.org/abs/1703.04977 | I132: ★★★★☆ | J132: Perception | K132: Classical baseline | L132: Both | M132: Medium | N132: Experimental / theoretical | O132: Classical uncertainty-quantification baseline | P132: §6 | Q132: To read | R132: Aleatoric vs epistemic uncertainty | S132: §4 | T132: Context
A133: Context: Classical Robotics | B133: Gal, Y., Ghahramani, Z. | C133: 2016 | D133: Dropout as a Bayesian approximation: representing model uncertainty in deep learning | E133: ICML 2016 | F133: MC-dropout uncertainty quantification for deep perception | G133: Open Access (arXiv) | H133: https://arxiv.org/abs/1506.02142 | I133: ★★★★☆ | J133: Perception | K133: Classical baseline | L133: Survey | M133: Low | N133: Algorithmic / experimental | O133: Classical UQ baseline | P133: §6 | Q133: To read | R133: MC-dropout UQ | S133: §4 | T133: Context
A134: Context: Classical Robotics | B134: Michelmore, R., Wicker, M., Laurenti, L., Cardelli, L., Gal, Y., Kwiatkowska, M. | C134: 2020 | D134: Uncertainty quantification with statistical guarantees in end-to-end autonomous driving control | E134: IEEE ICRA 2020 | F134: Bayesian-NN uncertainty with statistical guarantees for driving control | G134: Paywalled (IEEE); arXiv | H134: https://arxiv.org/abs/1909.09884 | I134: ★★★☆☆ | J134: Planning & Control | K134: Classical baseline | L134: Survey | M134: Medium | N134: Experimental | O134: Classical safe-control UQ baseline | P134: §9 | Q134: To read | R134: Guaranteed UQ for driving | S134: §4 | T134: Context
A135: Context: Classical Robotics | B135: Nesnas, I.A.D., Fesq, L.M., Volpe, R.A. | C135: 2021 | D135: Autonomy for space robots: past, present, and future | E135: Current Robotics Reports, 2 | F135: Definitive review of spacecraft autonomy; decision under limited knowledge | G135: Open Access | H135: DOI: 10.1007/s43154-021-00057-2 | I135: ★★★★☆ | J135: Foundations | K135: Classical baseline | L135: Survey | M135: Medium | N135: Review | O135: Autonomy-under-uncertainty motivation | P135: §9 | Q135: To read | R135: Space-autonomy review | S135: §4 | T135: Context
A136: Context: Classical Robotics | B136: Starek, J.A., Açıkmeşe, B., Nesnas, I.A.D., Pavone, M. | C136: 2016 | D136: Spacecraft autonomy challenges for next-generation space missions | E136: LNCIS 460, Springer | F136: Deep-dive on relative guidance and extreme-terrain autonomy | G136: Paywalled (Springer); author PDF | I136: ★★★☆☆ | J136: Foundations | K136: Classical baseline | L136: Survey | M136: Low | N136: Review / technical | O136: Space-autonomy scope | P136: §9 | Q136: To read | R136: Spacecraft autonomy challenges | S136: §4 | T136: Context
A137: Context: Classical Robotics | B137: Wong, C., Yang, E., Yan, X.-T., Gu, D. | C137: 2018 | D137: Autonomous robots for harsh environments: a holistic overview | E137: Systems Science & Control Engineering, 6(1) | F137: Survey of autonomy/decision under uncertainty for harsh-environment robots | G137: Open Access | H137: DOI: 10.1080/21642583.2018.1477634 | I137: ★★★☆☆ | J137: Foundations | K137: Classical baseline | L137: Survey | M137: Medium | N137: Review | O137: Autonomy-scope reference | P137: §9 | Q137: To read | R137: Harsh-environment autonomy | S137: §4 | T137: Context
A138: Context: Classical Robotics | B138: Wong, C., Yang, E., Yan, X.-T., Gu, D. | C138: 2017 | D138: Adaptive and intelligent navigation of autonomous planetary rovers — a survey | E138: 2017 NASA/ESA AHS | F138: Survey of planetary-rover navigation autonomy under uncertainty | G138: Paywalled (IEEE) | H138: DOI: 10.1109/AHS.2017.8046384 | I138: ★★★☆☆ | J138: Localisation & Navigation | K138: Classical baseline | L138: Survey | M138: Low | N138: Review | O138: Rover-autonomy scope | P138: §9 | Q138: To read | R138: Rover navigation autonomy | S138: §4 | T138: Context
A139: Context: Classical Robotics | B139: Gao, Y., Chien, S. | C139: 2017 | D139: Review on space robotics: toward top-level science through space exploration | E139: Science Robotics, 2(7) | F139: Widely cited review defining levels of autonomy for space robots | G139: Paywalled (Science) | H139: DOI: 10.1126/scirobotics.aan5074 | I139: ★★★★☆ | J139: Foundations | K139: Classical baseline | L139: Survey | M139: Low | N139: Review | O139: Autonomy-levels reference | P139: §9 | Q139: To read | R139: Space-robotics autonomy levels | S139: §4 | T139: Context
A140: Context: Classical Robotics | B140: Yang, G.-Z., et al. | C140: 2018 | D140: The grand challenges of Science Robotics | E140: Science Robotics, 3(14) | F140: Field-defining agenda naming autonomy under uncertainty as grand challenge | G140: Paywalled (Science) | H140: DOI: 10.1126/scirobotics.aar7650 | I140: ★★★★☆ | J140: Foundations | K140: Classical baseline | L140: Survey | M140: Medium | N140: Review / position | O140: Frames the grand challenges | P140: §9 | Q140: To read | R140: Grand challenges of robotics | S140: §4 | T140: Context
A141: Physical AI / Embodied Foundation Models | B141: Moulin-Frier, C., Fischer, T., Petit, M., et al. | C141: 2018 | D141: DAC-h3: a proactive robot cognitive architecture | E141: IEEE Trans. Cognitive and Developmental Systems | F141: Biologically grounded cognitive architecture on the iCub humanoid | G141: Paywalled (IEEE); arXiv | H141: https://arxiv.org/abs/1706.03661 | I141: ★★★☆☆ | J141: Cognition & Decision | K141: Classical baseline | L141: Survey | M141: Medium | N141: Robot experiment | O141: Classical embodied-cognition baseline | P141: §6 | Q141: To read | R141: DAC-h3 embodied architecture | S141: §5 | T141: Core
A142: Quantum Cognition in Robotics | B142: Lanza, D., Mastrogiovanni, F., Solinas, G., et al. | C142: 2021 | D142: Quantum-like cognitive architecture (TIAGo++ handover) | E142: IIT Genoa DIBRIS | F142: Your lab's prior work: quantum-like cognitive architecture demonstrated on a TIAGo++ handover task | G142: Verify Details | I142: ★★★★★ | J142: Cognition & Decision | K142: Quantum-inspired | L142: Both | M142: High | N142: Robot experiment | O142: Verify exact title/venue/year | P142: §6 | Q142: To read | R142: Direct research lineage for the model paper | S142: §6 | T142: Core
A143: Quantum Cognition in Robotics | B143: Lanza, D., Mastrogiovanni, F., Solinas, G. | C143: 2020 | D143: Quantum-inspired probability models (humanoid) | E143: IIT Genoa DIBRIS | F143: Your lab's prior work: quantum-inspired probability models on a humanoid platform | G143: Verify Details | I143: ★★★★★ | J143: Cognition & Decision | K143: Quantum-inspired | L143: Both | M143: High | N143: Robot experiment | O143: Verify exact title/venue/year | P143: §6 | Q143: To read | R143: Direct research lineage for the model paper | S143: §6 | T143: Core
A144: Quantum Cognition in Robotics | B144: Mastrogiovanni, F., Lanza, D., et al. | C144: 2019 | D144: Embodied quantum-like cognition | E144: IIT Genoa DIBRIS | F144: Your lab's prior work: embodied quantum-like cognition on a robot platform | G144: Verify Details | I144: ★★★★★ | J144: Cognition & Decision | K144: Quantum-inspired | L144: Both | M144: High | N144: Robot experiment | O144: Verify exact title/venue/year | P144: §6 | Q144: To read | R144: Direct research lineage for the model paper | S144: §6 | T144: Core
A145: Classical Robotics | B145: Corke, P. | C145: 2011 | D145: Robotics, Vision and Control: Fundamental Algorithms in MATLAB | E145: Springer | F145: Standard reference for robot kinematics, DH parameters, inverse kinematics; classical baseline for roboticists | G145: To find | I145: ★★★★☆ | J145: Kinematics & Control | K145: Classical | L145: Survey | M145: High | N145: Classical baseline | P145: §4 | Q145: To read | R145: Priority 1 gap paper. Added from Missing Papers list. Serves: Survey §4. | S145: §4 | T145: Context
A146: Classical Robotics | B146: Lynch, K., Park, F. | C146: 2017 | D146: Modern Robotics: Mechanics, Planning, and Control | E146: Cambridge University Press | F146: Comprehensive on robot dynamics, control theory, trajectory planning | G146: To find | I146: ★★★★☆ | J146: Kinematics & Control | K146: Classical | L146: Survey | M146: High | N146: Classical baseline | P146: §4 | Q146: To read | R146: Priority 1 gap paper. Added from Missing Papers list. Serves: Survey §4. | S146: §4 | T146: Context
A147: Classical Robotics | B147: Murray, R., Li, Z., Sastry, S. | C147: 1994 | D147: A Mathematical Introduction to Robotic Manipulation | E147: CRC Press | F147: Rigorous mathematical foundation for kinematics & control | G147: To find | I147: ★★★★☆ | J147: Kinematics & Control | K147: Classical | L147: Survey | M147: High | N147: Classical baseline | P147: §2,§4 | Q147: To read | R147: Priority 1 gap paper. Added from Missing Papers list. Serves: Survey §2,§4. | S147: §4 | T147: Context
A148: Classical Robotics | B148: Khatib, O., Siciliano, B. (eds.) | C148: 2016 | D148: Handbook of Robotics (Ch: Kinematics & Control) | E148: Springer | F148: State-of-art reference; covers classical methods comprehensively | G148: To find | I148: ★★★★☆ | J148: Kinematics & Control | K148: Classical | L148: Survey | M148: High | N148: Classical baseline | P148: §4 | Q148: To read | R148: Priority 1 gap paper. Added from Missing Papers list. Serves: Survey §4. | S148: §4 | T148: Context
A149: Fault Detection | B149: Wie, B., Weiss, H. | C149: 2012 | D149: Fault Diagnosis and Tolerance for Spacecraft Formation Flying | E149: — | F149: Classical fault detection under uncertainty; benchmark for robot decision-making | G149: To find | I149: ★★★★☆ | J149: Decision-Making | K149: Classical | L149: Survey 2 | M149: High | N149: Classical baseline | P149: §5,§10 | Q149: To read | R149: Priority 1 gap paper. Added from Missing Papers list. Serves: Survey 2 §5,§10. | T149: Survey 2 only
A150: Fault Detection | B150: Blanke, M., Kinnaert, M., Lunze, J., Staroswiecki, M. | C150: 2016 | D150: Diagnosis and Fault-Tolerant Control | E150: Springer | F150: Comprehensive fault detection/diagnosis methods; classical baselines | G150: To find | I150: ★★★★☆ | J150: Decision-Making | K150: Classical | L150: Survey 2 | M150: High | N150: Classical baseline | P150: §5,§9 | Q150: To read | R150: Priority 1 gap paper. Added from Missing Papers list. Serves: Survey 2 §5,§9. | T150: Survey 2 only
A151: Fault Detection | B151: [Author] | C151: 2022 | D151: Robust Fault Diagnosis in Uncertain Environments: A Bayesian Perspective | E151: — | F151: Probabilistic fault diagnosis; direct comparison point for quantum cognition models | G151: To find | I151: ★★★★☆ | J151: Decision-Making | K151: Classical | L151: Survey 2 | M151: High | N151: Classical baseline | P151: §5,§9 | Q151: To read | R151: Priority 1 gap paper. Added from Missing Papers list. Serves: Survey 2 §5,§9. | T151: Survey 2 only
A152: Fault Detection | B152: [Author] | C152: 2015 | D152: Model-Based Diagnosis in Robotics: Constraint Satisfaction and Abduction | E152: — | F152: Logic-based diagnosis; contrasts with quantum probabilistic approach | G152: To find | I152: ★★★★☆ | J152: Decision-Making | K152: Classical | L152: Survey 2 | M152: High | N152: Classical baseline | P152: §5,§9 | Q152: To read | R152: Priority 1 gap paper. Added from Missing Papers list. Serves: Survey 2 §5,§9. | T152: Survey 2 only
A153: Experimental Methods | B153: Kahneman, D., Tversky, A. | C153: 2012 | D153: The Cognitive Psychology of Probability Judgments | E153: — | F153: Experimental methods for testing decision models; psychological benchmarks | G153: To find | I153: ★★★★☆ | J153: Decision-Making | K153: Classical | L153: Survey 2 | M153: High | N153: Empirical / behavioural | P153: §4,§10 | Q153: To read | R153: Priority 1 gap paper. Added from Missing Papers list. Serves: Survey 2 §4,§10. | T153: Survey 2 only
A154: Experimental Methods | B154: Schwartz, B., Klaczynski, P. | C154: 2009 | D154: Human Judgment and Decision Making Under Uncertainty: From Biology to Behavior and Beyond | E154: — | F154: Experimental protocols for decision validation | G154: To find | I154: ★★★★☆ | J154: Decision-Making | K154: Classical | L154: Survey 2 | M154: High | N154: Empirical / behavioural | P154: §10,§17 | Q154: To read | R154: Priority 1 gap paper. Added from Missing Papers list. Serves: Survey 2 §10,§17. | T154: Survey 2 only
A155: Experimental Methods | B155: [Author] | C155: 2022 | D155: Measuring Quantum Cognition in Human Subjects: A Tutorial | E155: preprint | F155: How to experimentally validate quantum cognition models on robots | G155: To find | I155: ★★★★☆ | J155: Decision-Making | K155: Quantum-inspired | L155: Survey 2 | M155: High | N155: Empirical / behavioural | P155: §10,§17 | Q155: To read | R155: Priority 1 gap paper. Added from Missing Papers list. Serves: Survey 2 §10,§17. | T155: Survey 2 only
A156: Experimental Methods | B156: [Author] | C156: 2023 | D156: Towards Standardized Benchmarks for Robot Decision-Making Under Uncertainty | E156: arXiv | F156: Defines metrics for robot decision-making tasks | G156: To find | I156: ★★★★☆ | J156: Decision-Making | K156: Classical | L156: Survey 2 | M156: High | N156: Empirical / behavioural | P156: §17 | Q156: To read | R156: Priority 1 gap paper. Added from Missing Papers list. Serves: Survey 2 §17. | T156: Survey 2 only
A157: Quantum Hardware | B157: Terhal, B. M. | C157: 2015 | D157: Quantum Error Correction for Quantum Computation | E157: Rev. Mod. Phys. | F157: Essential for understanding quantum hardware limitations; real-time robot control feasibility | G157: To find | I157: ★★★★☆ | J157: Hardware | K157: Quantum | L157: Survey 1 | M157: High | N157: Algorithmic / theoretical | P157: §3 | Q157: To read | R157: Priority 1 gap paper. Added from Missing Papers list. Serves: Survey 1 §3. | S157: §3 | T157: Core
A158: Quantum Hardware | B158: Fowler, A., Mariantoni, M., Martinis, J., Cleland, A. | C158: 2012 | D158: Surface Codes: Towards Practical Large-Scale Quantum Computation | E158: Rep. Prog. Phys. | F158: Near-term quantum error correction; robotics hardware requirements | G158: To find | I158: ★★★★☆ | J158: Hardware | K158: Quantum | L158: Survey 1 | M158: High | N158: Algorithmic / theoretical | P158: §3,§8 | Q158: To read | R158: Priority 1 gap paper. Added from Missing Papers list. Serves: Survey 1 §3,§8. | S158: §3 | T158: Core
A159: Neuroscience | B159: Vitiello, G. / Kumar, et al. | C159: 2020 | D159: Quantum Mechanics of Neural Processes | E159: — | F159: Biological plausibility of quantum cognition; grounding in neuroscience | G159: To find | I159: ★★★★☆ | J159: Cognition | K159: Quantum | L159: Survey 2 | M159: High | N159: Review / theoretical | P159: §4,§16 | Q159: To read | R159: Priority 1 gap paper. Added from Missing Papers list. Serves: Survey 2 §4,§16. | T159: Survey 2 only
A160: Neuroscience | B160: Hameroff, S., Penrose, R. | C160: 2014 | D160: Consciousness in the Universe: A Review of the 'Orch OR' Theory (Brain as Quantum Computer) | E160: Phys. Life Rev. | F160: Debates biological quantum effects; necessary for honest assessment | G160: To find | I160: ★★★★☆ | J160: Cognition | K160: Quantum | L160: Survey 2 | M160: High | N160: Review / theoretical | P160: §13,§16 | Q160: To read | R160: Priority 1 gap paper. Added from Missing Papers list. Serves: Survey 2 §13,§16. | T160: Survey 2 only
A161: Neuroscience | B161: [Author] | C161: 2021 | D161: Bayesian Brains and Quantum Processes: Quantum Mechanics and Predictive Processing | E161: — | F161: Connects quantum cognition to predictive coding in brains | G161: To find | I161: ★★★★☆ | J161: Cognition | K161: Quantum-inspired | L161: Survey 2 | M161: High | N161: Review / theoretical | P161: §16 | Q161: To read | R161: Priority 1 gap paper. Added from Missing Papers list. Serves: Survey 2 §16. | T161: Survey 2 only
A162: Neuroscience | B162: Tononi, G. | C162: 2015 | D162: Information Integration Theory and Consciousness | E162: — | F162: IIT framework; relates to quantum decision-making architectures | G162: To find | I162: ★★★★☆ | J162: Cognition | K162: Classical | L162: Survey 2 | M162: High | N162: Review / theoretical | P162: §16 | Q162: To read | R162: Priority 1 gap paper. Added from Missing Papers list. Serves: Survey 2 §16. | T162: Survey 2 only
A163: Classical Robotics | B163: LaValle, S. | C163: 1998 | D163: Rapidly-exploring Random Trees: A New Tool for Path Planning | E163: ISRR | F163: RRT algorithm; classical baseline for quantum path planning comparison | G163: To find | I163: ★★★☆☆ | J163: Planning & Control | K163: Classical | L163: Survey 1 | M163: Medium | N163: Classical baseline | P163: §4 | Q163: To read | R163: Priority 2 gap paper. Added from Missing Papers list. Serves: Survey 1 §4. | S163: §4 | T163: Context
A164: Classical Robotics | B164: Karaman, S., Frazzoli, E. | C164: 2011 | D164: Sampling-based Algorithms for Optimal Motion Planning | E164: IJRR | F164: RRT*, PRM algorithms; classical sampling methods | G164: To find | I164: ★★★☆☆ | J164: Planning & Control | K164: Classical | L164: Survey 1 | M164: Medium | N164: Classical baseline | P164: §4 | Q164: To read | R164: Priority 2 gap paper. Added from Missing Papers list. Serves: Survey 1 §4. | S164: §4 | T164: Context
A165: Classical Robotics | B165: [Author] | C165: 2023 | D165: A Review of Motion Planning Techniques for Automated Vehicles | E165: — | F165: Modern planning for autonomous systems; robot context | G165: To find | I165: ★★★☆☆ | J165: Planning & Control | K165: Classical | L165: Survey 1 | M165: Medium | N165: Classical baseline | P165: §4 | Q165: To read | R165: Priority 2 gap paper. Added from Missing Papers list. Serves: Survey 1 §4. | S165: §4 | T165: Context
A166: Classical Robotics | B166: Garrett, C., Lozano-Pérez, T., Kaelbling, L. | C166: 2021 | D166: Integrated Task and Motion Planning (Review) | E166: Annual Review / arXiv | F166: Comprehensive planning taxonomy | G166: To find | I166: ★★★☆☆ | J166: Planning & Control | K166: Classical | L166: Survey 1 | M166: Medium | N166: Classical baseline | P166: §4 | Q166: To read | R166: Priority 2 gap paper. Added from Missing Papers list. Serves: Survey 1 §4. | S166: §4 | T166: Context
A167: Classical Optimization | B167: [Author] | C167: 2018 | D167: Combinatorial Optimization: A Very Short Introduction | E167: — | F167: Classical combinatorial optimization baseline for quantum QAOA | G167: To find | I167: ★★★☆☆ | J167: Planning & Control | K167: Classical | L167: Survey 1 | M167: Medium | N167: Classical baseline | P167: §4 | Q167: To read | R167: Priority 2 gap paper. Added from Missing Papers list. Serves: Survey 1 §4. | S167: §4 | T167: Context
A168: Classical Perception | B168: Forsyth, D., Ponce, J. | C168: 2012 | D168: Computer Vision: A Modern Approach (2nd ed.) | E168: Prentice Hall | F168: Classical perception baseline | G168: To find | I168: ★★★☆☆ | J168: Perception | K168: Classical | L168: Survey 1 | M168: Medium | N168: Classical baseline | P168: §4 | Q168: To read | R168: Priority 2 gap paper. Added from Missing Papers list. Serves: Survey 1 §4. | S168: §4 | T168: Context
A169: Classical Perception | B169: [Author] | C169: 2023 | D169: Deep Learning for Visual Recognition in Robotics | E169: — | F169: Modern neural approaches to robot perception; QML comparison | G169: To find | I169: ★★★☆☆ | J169: Perception | K169: Classical | L169: Survey 1 | M169: Medium | N169: Classical baseline | P169: §4,§5 | Q169: To read | R169: Priority 2 gap paper. Added from Missing Papers list. Serves: Survey 1 §4,§5. | S169: §4 | T169: Context
A170: Classical Perception | B170: Krizhevsky, A., Sutskever, I., Hinton, G. | C170: 2012 | D170: ImageNet Classification with Deep CNNs (AlexNet) | E170: NeurIPS | F170: Foundation for comparing with quantum neural nets | G170: To find | I170: ★★★☆☆ | J170: Perception | K170: Classical | L170: Survey 1 | M170: Medium | N170: Classical baseline | P170: §5 | Q170: To read | R170: Priority 2 gap paper. Added from Missing Papers list. Serves: Survey 1 §5. | S170: §4 | T170: Context
A171: Classical Perception | B171: [Author] | C171: 2022 | D171: Image Segmentation and Scene Understanding for Autonomous Robotics | E171: — | F171: Practical robot perception; where quantum sensing/ML could help | G171: To find | I171: ★★★☆☆ | J171: Perception | K171: Classical | L171: Survey 1 | M171: Medium | N171: Classical baseline | P171: §4,§7 | Q171: To read | R171: Priority 2 gap paper. Added from Missing Papers list. Serves: Survey 1 §4,§7. | S171: §4 | T171: Context
A172: Dequantization Critique | B172: Bravyi, S., Gosset, D., Koenig, R. | C172: 2023 | D172: Quantum Advantage with Noisy Shallow Circuits | E172: Nature Physics | F172: Recent quantum advantage paper; realistic NISQ assessment | G172: To find | I172: ★★★☆☆ | J172: Benchmarking | K172: Quantum | L172: Survey 1 | M172: Medium | N172: Classical baseline | P172: §8 | Q172: To read | R172: Priority 2 gap paper. Added from Missing Papers list. Serves: Survey 1 §8. | S172: §8 | T172: Core
A173: Dequantization Critique | B173: Gheorghiu, V., Vazirani, U. | C173: 2023 | D173: Classical Simulation of Quantum Many-Body Systems | E173: — | F173: Dequantization limits; honest appraisal of when quantum helps | G173: To find | I173: ★★★☆☆ | J173: Benchmarking | K173: Quantum-inspired | L173: Survey 1 | M173: Medium | N173: Classical baseline | P173: §8,§9 | Q173: To read | R173: Priority 2 gap paper. Added from Missing Papers list. Serves: Survey 1 §8,§9. | S173: §8 | T173: Core
A174: Dequantization Critique | B174: [Author] | C174: 2023 | D174: Comparative Performance of Quantum-Inspired vs. Classical Algorithms for Robot Navigation | E174: — | F174: Direct empirical comparison for robotics | G174: To find | I174: ★★★☆☆ | J174: Benchmarking | K174: Quantum-inspired | L174: Survey 1 | M174: Medium | N174: Classical baseline | P174: §8,§9 | Q174: To read | R174: Priority 2 gap paper. Added from Missing Papers list. Serves: Survey 1 §8,§9. | S174: §8 | T174: Core
... A178: Sensor Fusion | B178: [Author] | C178: 2023 | D178: Quantum Filtering for Robotic State Estimation Under Uncertainty | E178: — | F178: Quantum approach to sensor fusion | G178: To find | I178: ★★★☆☆ | J178: Sensing | K178: Quantum | L178: Survey 1,2 | M178: Medium | N178: Classical baseline | P178: §4,§5,§6 | Q178: To read | R178: Priority 2 gap paper. Added from Missing Papers list. Serves: Survey 1,2 §4,§5,§6. | S178: §4 | T178: Context
A179: Ethics & Safety | B179: Dreossi, T., et al. | C179: 2019 | D179: Safety Verification in Autonomous Systems: A Survey | E179: — | F179: How to verify robot decisions; safety concerns with quantum models | G179: To find | I179: ★★★☆☆ | J179: Safety & Verification | K179: Classical | L179: Survey 2 | M179: Medium | N179: Classical baseline | P179: §14 | Q179: To read | R179: Priority 2 gap paper. Added from Missing Papers list. Serves: Survey 2 §14. | T179: Survey 2 only
A180: Ethics & Safety | B180: [Author] | C180: 2023 | D180: Explainability in Robotics: A Systematic Review | E180: — | F180: Transparency challenges; how quantum cognition affects interpretability | G180: To find | I180: ★★★☆☆ | J180: Safety & Verification | K180: Classical | L180: Survey 2 | M180: Medium | N180: Classical baseline | P180: §14 | Q180: To read | R180: Priority 2 gap paper. Added from Missing Papers list. Serves: Survey 2 §14. | T180: Survey 2 only
A181: Ethics & Safety | B181: Calvaresi, D., et al. | C181: 2023 | D181: Responsible AI for Autonomous Systems | E181: — | F181: Ethical framework for quantum-cognitive agents | G181: To find | I181: ★★★☆☆ | J181: Safety & Verification | K181: Classical | L181: Survey 2 | M181: Medium | N181: Classical baseline | P181: §14 | Q181: To read | R181: Priority 2 gap paper. Added from Missing Papers list. Serves: Survey 2 §14. | T181: Survey 2 only
A182: Classical Robotics | B182: Kavraki, L., Latombe, J.-C. | C182: 2008 | D182: Graph Algorithms in Robotics (Review) | E182: — | F182: Graph algorithm foundations for robotics | G182: To find | I182: ★★☆☆☆ | J182: Planning & Control | K182: Classical | L182: Survey 1 | M182: Low | N182: Classical baseline | P182: §4 | Q182: To read | R182: Priority 3 gap paper. Added from Missing Papers list. Serves: Survey 1 §4. | S182: §4 | T182: Context
A183: Quantum Algorithms | B183: [Author] | C183: 2021 | D183: Quantum Walk Algorithms for Graph Problems | E183: — | F183: Quantum walk methods applied to graph problems | G183: To find | I183: ★★☆☆☆ | J183: Planning & Control | K183: Quantum | L183: Survey 1 | M183: Low | N183: Algorithmic / theoretical | P183: §4 | Q183: To read | R183: Priority 3 gap paper. Added from Missing Papers list. Serves: Survey 1 §4. | S183: §2 | T183: Core
...

Sheet llm
A1: Category | B1: Author | C1: Year | D1: Title | E1: Venue | F1: Relevance | G1: Status | H1: URL | I1: Importance | J1: Robotics Function | K1: Type | L1: Serves | M1: Gap Relevance | N1: Evidence Type | O1: Open Question / Limitation (for survey) | P1: Outline § | Q1: Read status | R1: Key takeaway / notes
A2: LLM Orchestration & Embodied Agents | B2: Ahn, M., Brohan, A., Brown, N., et al. | C2: 2022 | D2: Do As I Can, Not As I Say: Grounding Language in Robotic Affordances | E2: CoRL 2022 | F2: LLM proposes candidate actions scored by learned affordance value functions — canonical template for an LLM that selects among robot skills/modalities | G2: Open Access (arXiv) | H2: https://arxiv.org/abs/2204.01691 | I2: ★★★★★ | J2: Orchestration | K2: LLM/Agent | L2: Survey + Thesis | M2: High | N2: Experimental | O2: Affordance scores are frozen — no online adaptation of the selector; single-modality skills only | P2: §3 | Q2: To read | R2: SayCan: value-function grounding is the classic baseline your learned orchestrator must beat
A3: LLM Orchestration & Embodied Agents | B3: Huang, W., Xia, F., Xiao, T., et al. | C3: 2022 | D3: Inner Monologue: Embodied Reasoning through Planning with Language Models | E3: CoRL 2022 | F3: Closed-loop LLM planning that ingests success/scene/human feedback — directly analogous to feeding uncertainty signals back to the orchestrator | G3: Open Access (arXiv) | H3: https://arxiv.org/abs/2207.05608 | I3: ★★★★★ | J3: Orchestration | K3: LLM/Agent | L3: Survey + Thesis | M3: High | N3: Experimental | O3: Feedback is textual, not calibrated uncertainty; LLM is frozen (no learning of the fusion policy) | P3: §3 | Q3: To read | R3: Feedback-conditioned replanning; your federated confidence signals are the calibrated version of this
A4: LLM Orchestration & Embodied Agents | B4: Liang, J., Huang, W., Xia, F., et al. | C4: 2022 | D4: Code as Policies: Language Model Programs for Embodied Control | E4: ICRA 2023 | F4: LLM writes executable code that invokes perception/control APIs — mechanistic analog to invoking heterogeneous learning modules | G4: Open Access (arXiv) | H4: https://arxiv.org/abs/2209.07753 | I4: ★★★★☆ | J4: Orchestration | K4: LLM/Agent | L4: Survey | M4: Medium | N4: Experimental | O4: No learning/adaptation of the code-generation policy; brittle to novel APIs | P4: §3 | Q4: To read | R4: Programmatic invocation of skills; contrast with your learned allocation policy
A5: LLM Orchestration & Embodied Agents | B5: Driess, D., Xia, F., Sajjadi, M.S.M., et al. | C5: 2023 | D5: PaLM-E: An Embodied Multimodal Language Model | E5: ICML 2023 | F5: Injects continuous vision/state into an LLM for grounded planning — the multimodal grounding backbone an orchestrator can sit on | G5: Open Access (arXiv) | H5: https://arxiv.org/abs/2303.03378 | I5: ★★★★☆ | J5: Orchestration | K5: LLM/Agent | L5: Survey | M5: Medium | N5: Experimental | O5: 562B params — impossible on edge; no notion of compute-budget allocation | P5: §3 | Q5: To read | R5: Multimodal grounding; motivates why you need a small *local* LLM instead
A6: LLM Orchestration & Embodied Agents | B6: Yao, S., Zhao, J., Yu, D., et al. | C6: 2022 | D6: ReAct: Synergizing Reasoning and Acting in Language Models | E6: ICLR 2023 | F6: Interleaved reason–act loop — the control-loop skeleton for an LLM orchestrator deciding what to invoke next | G6: Open Access (arXiv) | H6: https://arxiv.org/abs/2210.03629 | I6: ★★★★★ | J6: Orchestration | K6: LLM/Agent | L6: Survey + Thesis | M6: High | N6: Experimental | O6: No learned policy over actions; reasoning quality bounded by frozen model | P6: §3 | Q6: To read | R6: Reason-act loop = orchestrator inner loop; you make the acting choice *learned*
A7: LLM Orchestration & Embodied Agents | B7: Schick, T., Dwivedi-Yu, J., Dessì, R., et al. | C7: 2023 | D7: Toolformer: Language Models Can Teach Themselves to Use Tools | E7: NeurIPS 2023 | F7: LLM learns *when* to call which tool via self-supervision — the closest published analog to learning when to invoke each learning modality | G7: Open Access (arXiv) | H7: https://arxiv.org/abs/2302.04761 | I7: ★★★★★ | J7: Orchestration | K7: LLM/Agent | L7: Survey + Thesis | M7: High | N7: Experimental | O7: Offline self-supervision, not online; no uncertainty-driven selection; not embodied | P7: §3 | Q7: To read | R7: Learned tool-invocation; your work makes it online, embodied, uncertainty-gated
A8: LLM Orchestration & Embodied Agents | B8: Shinn, N., Cassano, F., Gopinath, A., et al. | C8: 2023 | D8: Reflexion: Language Agents with Verbal Reinforcement Learning | E8: NeurIPS 2023 | F8: Agent improves via reflective memory over episodes — a training-free precursor to your online-improving orchestrator | G8: Open Access (arXiv) | H8: https://arxiv.org/abs/2303.11366 | I8: ★★★☆☆ | J8: Orchestration | K8: LLM/Agent | L8: Survey | M8: Medium | N8: Experimental | O8: Improvement is in-context memory only — no weight updates; forgets across resets | P8: §3 | Q8: To read | R8: Verbal self-improvement vs your LoRA-based weight-level improvement
A9: LLM Orchestration & Embodied Agents | B9: Wang, G., Xie, Y., Jiang, Y., et al. | C9: 2023 | D9: Voyager: An Open-Ended Embodied Agent with Large Language Models | E9: TMLR 2024 | F9: Lifelong agent that grows a reusable skill library — parallels composing/reusing learning modes over a robot's lifetime | G9: Open Access (arXiv) | H9: https://arxiv.org/abs/2305.16291 | I9: ★★★☆☆ | J9: Orchestration | K9: LLM/Agent | L9: Survey | M9: Medium | N9: Experimental | O9: Simulation (Minecraft) only; relies on GPT-4 API — not edge-deployable | P9: §3 | Q9: To read | R9: Open-ended skill acquisition; your contribution is doing it on constrained hardware
A10: LLM Orchestration & Embodied Agents | B10: Singh, I., Blukis, V., Mousavian, A., et al. | C10: 2022 | D10: ProgPrompt: Generating Situated Robot Task Plans using Large Language Models | E10: ICRA 2023 | F10: Programmatic LLM prompting for situated task plans — plan-representation reference | G10: Open Access (arXiv) | H10: https://arxiv.org/abs/2209.11302 | I10: ★★★☆☆ | J10: Orchestration | K10: LLM/Agent | L10: Survey | M10: Low | N10: Experimental | O10: Open-loop; no feedback, no adaptation | P10: §3 | Q10: To read | R10: Plan-as-program representation; minor baseline
A11: LLM Orchestration & Embodied Agents | B11: Huang, W., Wang, C., Zhang, R., et al. | C11: 2023 | D11: VoxPoser: Composable 3D Value Maps for Robotic Manipulation with Language Models | E11: CoRL 2023 | F11: LLM composes 3D value maps zero-shot to drive control — example of LLM orchestrating perception+planning modules | G11: Open Access (arXiv) | H11: https://arxiv.org/abs/2307.05973 | I11: ★★★☆☆ | J11: Orchestration | K11: LLM/Agent | L11: Survey | M11: Medium | N11: Experimental | O11: Zero-shot, no learning; assumes reliable perception (no uncertainty gating) | P11: §3 | Q11: To read | R11: LLM-composed value maps; contrast with learned modality fusion
A12: LLM Orchestration & Embodied Agents | B12: Yu, W., Gileadi, N., Fu, C., et al. | C12: 2023 | D12: Language to Rewards for Robotic Skill Synthesis | E12: CoRL 2023 | F12: LLM emits reward specifications that drive RL — bridge between LLM orchestration and the RL modality | G12: Open Access (arXiv) | H12: https://arxiv.org/abs/2306.08647 | I12: ★★★☆☆ | J12: Orchestration | K12: LLM/Agent | L12: Survey | M12: Medium | N12: Experimental | O12: One-directional (LLM→RL); no feedback of RL uncertainty back to the LLM | P12: §3 | Q12: To read | R12: LLM→reward pipeline; your loop is bidirectional via policy-variance signals
A13: LLM Orchestration & Embodied Agents | B13: Huang, W., Abbeel, P., Pathak, D., Mordatch, I. | C13: 2022 | D13: Language Models as Zero-Shot Planners: Extracting Actionable Knowledge for Embodied Agents | E13: ICML 2022 | F13: First to show a frozen LLM emits executable embodied plans zero-shot — the canonical frozen-LLM coordination baseline your learned orchestrator must beat | G13: Open Access (arXiv) | H13: https://arxiv.org/abs/2201.07207 | I13: ★★★★★ | J13: Orchestration | K13: LLM/Agent | L13: Survey + Thesis | M13: High | N13: Experimental | O13: No grounding, feedback, or learning — open-loop and frozen | P13: §3 | Q13: To read | R13: Origin of LLM-as-planner; the exact frozen baseline in your comparison
... A102: Hardware, Benchmarks & Mobile Manipulation | B102: James, S., Ma, Z., Arrojo, D.R., Davison, A.J. | C102: 2020 | D102: RLBench: The Robot Learning Benchmark & Learning Environment | E102: IEEE RA-L 5(2) | F102: Large multi-task manipulation benchmark — standard evaluation suite to situate results | G102: Open Access (arXiv) | H102: https://arxiv.org/abs/1909.12271 | I102: ★★★☆☆ | J102: Hardware/Benchmark | K102: Hardware | L102: Survey | M102: Medium | N102: Experimental | O102: Simulation-only; fixed-arm, not mobile | P102: §13 | Q102: To read | R102: Multi-task benchmark comparator

Sheet Survey 1 Papers
A1: Category | B1: Author | C1: Year | D1: Title | E1: Venue | F1: Relevance | G1: Status | H1: URL | I1: Importance | J1: Robotics Function | K1: Type | L1: Serves | M1: Gap Relevance | N1: Evidence Type | O1: Open Question / Limitation (for survey) | P1: Outline § | Q1: Read status | R1: Key takeaway / notes | S1: Read for Survey § | T1: Survey read role | U1: Final outline § | V1: Curation note | W1: In other survey?
A2: Quantum Optimization | B2: Farhi, E., Goldstone, J., Gutmann, S. | C2: 2014 | D2: A Quantum Approximate Optimization Algorithm | E2: arXiv:1411.4028 | F2: Foundational QAOA paper; introduces variational quantum circuits for combinatorial optimization | G2: Open Access | H2: https://arxiv.org/abs/1411.4028 | I2: ★★★★★ | J2: Planning & Control | K2: Quantum | L2: Survey | M2: Low | N2: Algorithmic / theoretical | O2: Does it outperform classical optimization for realistic robot problems? | P2: §4 | Q2: To read | S2: §4 | T2: Core | U2: 3.1 | W2: =IF(COUNTIF('Survey 2 Papers'!$D:$D,D2)>0,"Shared with S2","Unique") -> Unique
A3: Quantum Optimization | B3: Hadfield, S., Wang, Z., O'Gorman, B., et al. | C3: 2019 | D3: From the Quantum Approximate Optimization Algorithm to a Quantum Alternating Operator Ansatz | E3: Algorithms, 12(2) | F3: Detailed QAOA walkthrough for Ising problems; applicable to robot task scheduling | G3: Paywalled (IEEE) | H3: https://arxiv.org/abs/1709.03489 | I3: ★★★★☆ | J3: Planning & Control | K3: Quantum | L3: Survey | M3: Low | N3: Algorithmic | O3: Scalability and practical hardware advantage | P3: §4 | Q3: To read | S3: §4 | T3: Core | U3: 3.1 | V3: Citation corrected (title/venue) | W3: =IF(COUNTIF('Survey 2 Papers'!$D:$D,D3)>0,"Shared with S2","Unique") -> Unique
A4: Quantum Optimization | B4: Zhou, L., Wang, S.-T., Choi, S., et al. | C4: 2020 | D4: Quantum approximate optimization algorithm: Performance on near-term devices | E4: Physical Review X, 10(2) | F4: QAOA performance analysis on NISQ devices; realistic expectations for robots | G4: Open Access | H4: https://arxiv.org/abs/1812.07589 | I4: ★★★★★ | J4: Planning & Control | K4: Quantum | L4: Survey | M4: Low | N4: Experimental / algorithmic | O4: Does NISQ-era performance hold at robot-scale instances? | P4: §4 | Q4: To read | S4: §4 | T4: Core | U4: 3.1 | W4: =IF(COUNTIF('Survey 2 Papers'!$D:$D,D4)>0,"Shared with S2","Unique") -> Unique
A5: Quantum Optimization | B5: Cerezo, M., Arrasmith, A., Babbush, R., et al. | C5: 2021 | D5: Variational quantum algorithms | E5: Nature Reviews Physics, 3(9) | F5: Comprehensive review of VQE, QAOA, VQC for optimization | G5: Paywalled (Nature); Author PDF available | H5: DOI: 10.1038/s42254-021-00348-9 | I5: ★★★★★ | J5: Foundations | K5: Quantum | L5: Survey | M5: Low | N5: Review | O5: Mostly general VQAs, not robotics-specific validation | P5: §2 | Q5: To read | S5: §4 | T5: Core | U5: 3.2 | W5: =IF(COUNTIF('Survey 2 Papers'!$D:$D,D5)>0,"Shared with S2","Unique") -> Unique
A6: Quantum Machine Learning | B6: Biamonte, J., Wittek, P., Pancotti, N., et al. | C6: 2017 | D6: Quantum machine learning | E6: Nature, 549(7671) | F6: Comprehensive QML introduction; robotics applications mentioned | G6: Paywalled (Nature); Author PDF | H6: DOI: 10.1038/nature23474 | I6: ★★★★★ | J6: Learning | K6: Quantum | L6: Survey | M6: Low | N6: Theoretical / experimental | O6: Data encoding and genuine quantum advantage | P6: §5 | Q6: To read | S6: §4, §5 | T6: Core | U6: 3.2 | W6: =IF(COUNTIF('Survey 2 Papers'!$D:$D,D6)>0,"Shared with S2","Unique") -> Shared with S2
A7: Quantum Machine Learning | B7: Schuld, M., Killoran, N. | C7: 2019 | D7: Quantum machine learning in feature Hilbert spaces | E7: Physical Review Letters, 122(4) | F7: Quantum kernel methods for ML; applicable to robot perception | G7: Open Access | H7: https://arxiv.org/abs/1803.07128 | I7: ★★★★☆ | J7: Learning | K7: Quantum | L7: Survey | M7: Low | N7: Theoretical | O7: Does the feature-map advantage survive on noisy hardware? | P7: §5 | Q7: To read | S7: §4, §5 | T7: Core | U7: 3.2 | V7: Citation corrected (year/venue) | W7: =IF(COUNTIF('Survey 2 Papers'!$D:$D,D7)>0,"Shared with S2","Unique") -> Shared with S2
A8: Quantum Machine Learning | B8: Havlíček, V., Córcoles, A.D., Temme, K., et al. | C8: 2019 | D8: Supervised learning with quantum-enhanced feature spaces | E8: Nature, 567 | F8: Quantum kernel methods for classification; demonstrated on IBM hardware | G8: Paywalled (Nature) | H8: DOI: 10.1038/s41586-019-0980-2 | I8: ★★★★★ | J8: Learning | K8: Quantum | L8: Survey | M8: Low | N8: Experimental | O8: Small datasets and hardware limitations | P8: §5 | Q8: To read | S8: §4, §5 | T8: Core | U8: 3.2 | W8: =IF(COUNTIF('Survey 2 Papers'!$D:$D,D8)>0,"Shared with S2","Unique") -> Unique
A9: Quantum Machine Learning | B9: Henderson, M., Shakya, S., Pradhan, S., Lord, T. | C9: 2020 | D9: Quanvolutional neural networks: powering image recognition with quantum circuits | E9: Quantum Machine Intelligence, 2(1) | F9: Quantum convolutional layers for robot vision | G9: Open Access | H9: DOI: 10.1007/s42484-020-00012-y | I9: ★★★☆☆ | J9: Perception | K9: Quantum | L9: Survey | M9: Low | N9: Experimental | O9: Whether it scales to real robotic vision | P9: §4 | Q9: To read | S9: §4, §5 | T9: Core | U9: 3.2 | V9: Venue corrected | W9: =IF(COUNTIF('Survey 2 Papers'!$D:$D,D9)>0,"Shared with S2","Unique") -> Unique
A10: Quantum Anomaly Detection | B10: Lloyd, S., Mohseni, M., Rebentrost, P. | C10: 2014 | D10: Quantum algorithms for supervised and unsupervised machine learning | E10: arXiv:1307.0411 | F10: Foundational paper on quantum clustering and anomaly detection | G10: Open Access | H10: https://arxiv.org/abs/1307.0411 | I10: ★★★★☆ | J10: Learning | K10: Quantum | L10: Survey | M10: Medium | N10: Algorithmic | O10: Limited robotic-system validation | P10: §5 | Q10: To read | S10: §4 | T10: Core | U10: 3.2 | W10: =IF(COUNTIF('Survey 2 Papers'!$D:$D,D10)>0,"Shared with S2","Unique") -> Unique
A11: Quantum Monte Carlo | B11: Grover, L.K. | C11: 1996 | D11: A fast quantum mechanical algorithm for database search | E11: ACM Symposium on Theory of Computing | F11: Foundational Grover's algorithm for quantum search/sampling | G11: Open Access | H11: https://arxiv.org/abs/quant-ph/9605043 | I11: ★★★★★ | J11: Foundations | K11: Quantum | L11: Survey | M11: Low | N11: Foundational / theoretical | O11: Requires fault-tolerant QC for many robot formulations | P11: §2 | Q11: To read | S11: §2, §4 | T11: Core | U11: 1.3 Era 2; 3.4 | W11: =IF(COUNTIF('Survey 2 Papers'!$D:$D,D11)>0,"Shared with S2","Unique") -> Unique
A12: Quantum Monte Carlo | B12: Montanaro, A. | C12: 2015 | D12: Quantum speedup of Monte Carlo methods | E12: Proceedings of the Royal Society A, 471 | F12: Theoretical √N speedup for quantum Monte Carlo sampling | G12: Open Access | H12: DOI: 10.1098/rspa.2015.0301 | I12: ★★★★☆ | J12: Localisation & Navigation | K12: Quantum | L12: Survey | M12: Low | N12: Theoretical | O12: Requires fault-tolerant quantum computing in many formulations | P12: §4 | Q12: To read | S12: §2, §4 | T12: Core | U12: 3.4 | W12: =IF(COUNTIF('Survey 2 Papers'!$D:$D,D12)>0,"Shared with S2","Unique") -> Unique
A13: Quantum Monte Carlo | B13: Wiebe, N., Kapoor, A., Svore, K.M. | C13: 2015 | D13: Quantum algorithms for nearest-neighbor methods | E13: Quantum Information & Computation, 15(3-4) | F13: Quantum nearest-neighbor via Grover; foundation for particle filtering | G13: Paywalled (QIC); arXiv available | H13: https://arxiv.org/abs/1401.2142 | I13: ★★★☆☆ | J13: Localisation & Navigation | K13: Quantum | L13: Survey | M13: Medium | N13: Theoretical | O13: Practical quantum advantage unclear | P13: §4 | Q13: To read | S13: §2, §4 | T13: Core | U13: 3.4 | W13: =IF(COUNTIF('Survey 2 Papers'!$D:$D,D13)>0,"Shared with S2","Unique") -> Unique
A14: Quantum Linear Algebra | B14: Harrow, A.W., Hassidim, A., Lloyd, S. | C14: 2009 | D14: Quantum algorithm for linear systems of equations | E14: Physical Review Letters, 103(15) | F14: Foundational HHL algorithm for solving linear systems; potential for inverse kinematics | G14: Open Access | H14: https://arxiv.org/abs/0811.3171 | I14: ★★★★☆ | J14: Planning & Control | K14: Quantum | L14: Survey | M14: Medium | N14: Theoretical | O14: Input/output and data-loading bottlenecks | P14: §4 | Q14: To read | S14: §2, §4 | T14: Core | U14: 1.3 Era 3 | V14: Title corrected | W14: =IF(COUNTIF('Survey 2 Papers'!$D:$D,D14)>0,"Shared with S2","Unique") -> Unique
A15: Quantum Graph Algorithms | B15: Barkoutsos, P.K., Nannicini, G., Robert, A., et al. | C15: 2020 | D15: Improving variational quantum optimization using CVaR | E15: Quantum, 4 | F15: QAOA for MaxCut with improved convergence; robot task scheduling | G15: Open Access | H15: DOI: 10.22331/q-2020-04-20-256 | I15: ★★★★☆ | J15: Planning & Control | K15: Quantum | L15: Survey | M15: Low | N15: Experimental / algorithmic | O15: Still constrained by NISQ hardware | P15: §4 | Q15: To read | S15: §2, §4 | T15: Core | U15: 3.1 | W15: =IF(COUNTIF('Survey 2 Papers'!$D:$D,D15)>0,"Shared with S2","Unique") -> Unique
A16: General Quantum Robotics | B16: Dong, D., Chen, C., Li, H., Tarn, T.-J. | C16: 2012 | D16: Robust quantum-inspired reinforcement learning for robot navigation | E16: IEEE/ASME Transactions on Mechatronics, 17(1) | F16: Seminal quantum-inspired RL on real mobile robot; only existing quantum-robotics paper | G16: Paywalled (IEEE) | H16: DOI: 10.1109/TMECH.2010.2090896 | I16: ★★★★★ | J16: Cognition & Decision | K16: Quantum-inspired | L16: Both | M16: High | N16: Robot experiment | O16: Not actual quantum computing (quantum-inspired) | P16: §6 | Q16: To read | S16: §4 | T16: Core | U16: 3.3; 3.7 | W16: =IF(COUNTIF('Survey 2 Papers'!$D:$D,D16)>0,"Shared with S2","Unique") -> Shared with S2
A17: General Quantum Robotics | B17: Preskill, J. | C17: 2018 | D17: Quantum computing in the NISQ era and beyond | E17: Quantum, 2 | F17: Defining paper on near-term quantum devices; realistic expectations for robotics | G17: Open Access | H17: DOI: 10.22331/q-2018-08-06-79 | I17: ★★★★★ | J17: Foundations | K17: Quantum | L17: Survey | M17: Low | N17: Foundational | O17: Robotics applications remain largely exploratory | P17: §3 | Q17: To read | S17: §4 | T17: Core | U17: 1.3 Era 4; 3.6 | W17: =IF(COUNTIF('Survey 2 Papers'!$D:$D,D17)>0,"Shared with S2","Unique") -> Shared with S2
A18: General Quantum Robotics | B18: Tang, E. | C18: 2020 | D18: Quantum-inspired classical algorithm for recommendation systems | E18: ACM SIGACT Symposium on Theory of Computing | F18: Shows quantum advantage can be dequantized; critique of quantum-inspired claims | G18: Open Access (arXiv) | H18: https://arxiv.org/abs/1811.04271 | I18: ★★★★☆ | J18: Foundations | K18: Quantum-inspired | L18: Both | M18: Medium | N18: Theoretical | O18: Important for critically evaluating robotics quantum-advantage claims | P18: §8 | Q18: To read | S18: §4 | T18: Core | U18: 3.8.2 | W18: =IF(COUNTIF('Survey 2 Papers'!$D:$D,D18)>0,"Shared with S2","Unique") -> Shared with S2
A19: General Quantum Robotics | B19: Cerezo, M., Holmes, Z., Cincio, L., Coles, P.J. | C19: 2021 | D19: Cost function dependent barren plateaus in shallow parametrized quantum circuits | E19: Nature Communications, 12 | F19: Critical challenge for quantum ML on near-term devices | G19: Open Access | H19: DOI: 10.1038/s41467-021-21728-0 | I19: ★★★★☆ | J19: Learning | K19: Quantum | L19: Both | M19: Medium | N19: Theoretical | O19: Major barrier to scalable QML training | P19: §8 | Q19: To read | S19: §4 | T19: Core | U19: 3.2 (barren plateaus); 4.1 F4 | V19: Title corrected | W19: =IF(COUNTIF('Survey 2 Papers'!$D:$D,D19)>0,"Shared with S2","Unique") -> Shared with S2
A20: Context: Classical Robotics | B20: Thrun, S., Burgard, W., Fox, D. | C20: 2005 | D20: Probabilistic Robotics | E20: MIT Press | F20: Canonical reference for robot uncertainty; classical baseline for quantum comparison | G20: Paywalled (book); PDF available online | H20: https://docs.ufpr.br/~danielsantos/ProbabilisticRobotics.pdf | I20: ★★★★★ | J20: Foundations | K20: Classical baseline | L20: Both | M20: Medium | N20: Classical reference | O20: Baseline to prove quantum methods actually improve robotics | P20: §1 | Q20: To read | S20: §4 | T20: Context | U20: 1.1 classical baseline | W20: =IF(COUNTIF('Survey 2 Papers'!$D:$D,D20)>0,"Shared with S2","Unique") -> Unique
A21: Quantum Cognition (Foundations) | B21: Busemeyer, J.R., Bruza, P.D. | C21: 2012 | D21: Quantum Models of Cognition and Decision | E21: Cambridge University Press (2nd ed. 2024) | F21: Canonical text; Hilbert-space quantum-probability framework for judgment & decision — core theory for the cognition model | G21: Paywalled (book) | H21: DOI: 10.1017/CBO9780511997716 | I21: ★★★★★ | J21: Cognition & Decision | K21: Quantum-inspired | L21: Both | M21: High | N21: Theoretical (book) | O21: How to operationalise the QP framework inside an autonomous robot? | P21: §6 | Q21: To read | S21: §6 | T21: Core | U21: 3.7 | W21: =IF(COUNTIF('Survey 2 Papers'!$D:$D,D21)>0,"Shared with S2","Unique") -> Shared with S2
A22: Quantum Cognition (Foundations) | B22: Pothos, E.M., Busemeyer, J.R. | C22: 2013 | D22: Can quantum probability provide a new direction for cognitive modeling? | E22: Behavioral and Brain Sciences, 36(3) | F22: Field-defining target article; interference, order/context and superposition effects in cognition | G22: Paywalled (Cambridge) | H22: DOI: 10.1017/S0140525X12001525 | I22: ★★★★★ | J22: Cognition & Decision | K22: Quantum-inspired | L22: Both | M22: High | N22: Theoretical / review | O22: Evidence is human-behavioural; does it transfer to robot decision policies? | P22: §6 | Q22: To read | S22: §6 | T22: Core | U22: 3.7 | W22: =IF(COUNTIF('Survey 2 Papers'!$D:$D,D22)>0,"Shared with S2","Unique") -> Shared with S2
A23: Quantum Cognition (Foundations) | B23: Pothos, E.M., Busemeyer, J.R. | C23: 2022 | D23: Quantum cognition | E23: Annual Review of Psychology, 73 | F23: Most recent authoritative review of the field; position the survey against this | G23: Paywalled (Annual Reviews) | H23: Annu Rev Psychol 73:749-778 | I23: ★★★★★ | J23: Cognition & Decision | K23: Quantum-inspired | L23: Both | M23: High | N23: Review | O23: What does a newcomer add beyond this authoritative review? | P23: §6 | Q23: To read | S23: §6 | T23: Core | U23: 3.7 | W23: =IF(COUNTIF('Survey 2 Papers'!$D:$D,D23)>0,"Shared with S2","Unique") -> Shared with S2
A24: Quantum Cognition in Robotics | B24: Yan, F., Iliyasu, A.M., Li, N., Salama, A.S., Hirota, K. | C24: 2024 | D24: Quantum robotics: a review of emerging trends | E24: Quantum Machine Intelligence, 6(2) | F24: MOST RECENT survey of quantum robotics — the paper the survey must position itself against | G24: Open Access | H24: Quantum Mach Intell 6(2):86 | I24: ★★★★★ | J24: Foundations | K24: Quantum-inspired | L24: Survey | M24: High | N24: Survey | O24: Competing survey — must position & differentiate (computing+cognition scope) | P24: §1 | Q24: To read | S24: §6 | T24: Core | U24: 1.2 research gap (competing survey) | W24: =IF(COUNTIF('Survey 2 Papers'!$D:$D,D24)>0,"Shared with S2","Unique") -> Shared with S2
A25: Quantum Cognition in Robotics | B25: Widdows, D., Rani, J., Pothos, E.M. | C25: 2023 | D25: Quantum circuit components for cognitive decision-making | E25: Entropy, 25(4) | F25: Implements quantum-probability decision models as actual quantum circuits — direct precedent for the model paper | G25: Open Access | H25: Entropy 25(4):548 | I25: ★★★★★ | J25: Cognition & Decision | K25: Quantum | L25: Both | M25: High | N25: Experimental / algorithmic | O25: Circuits validated on cognition tasks, not yet on a robot | P25: §6 | Q25: To read | S25: §6 | T25: Core | U25: 3.7 | W25: =IF(COUNTIF('Survey 2 Papers'!$D:$D,D25)>0,"Shared with S2","Unique") -> Shared with S2
A26: Quantum Cognition in Robotics | B26: Yan, F., Iliyasu, A.M., Hirota, K. | C26: 2021 | D26: Conceptual framework for quantum affective computing and its use in fusion of multi-robot emotions | E26: Electronics, 10(2) | F26: Quantum model of robot affect/emotion; multi-robot cognitive fusion | G26: Open Access | H26: Electronics 10:100 | I26: ★★★★☆ | J26: Cognition & Decision | K26: Quantum-inspired | L26: Both | M26: High | N26: Theoretical / framework | O26: Conceptual framework; needs an implemented multi-robot demo | P26: §6 | Q26: To read | S26: §6 | T26: Core | U26: 3.7; 3.8.3 | V26: Verify full citation | W26: =IF(COUNTIF('Survey 2 Papers'!$D:$D,D26)>0,"Shared with S2","Unique") -> Shared with S2
A27: Quantum Cognition in Robotics | B27: QUADRI Project (ACM UMAP) | C27: 2025 | D27: Quantum-enhanced social robotics: the QUADRI project | E27: Adjunct Proc. ACM UMAP 2025 | F27: Very recent quantum-cognition-for-social-robots project; confirms a live research front | G27: Open Access | H27: DOI: 10.1145/3708319.3735545 | I27: ★★★★☆ | J27: Cognition & Decision | K27: Quantum | L27: Both | M27: High | N27: Project / experimental | O27: Early-stage; results and generality still emerging | P27: §6 | Q27: To read | S27: §6 | T27: Core | U27: 3.7 | W27: =IF(COUNTIF('Survey 2 Papers'!$D:$D,D27)>0,"Shared with S2","Unique") -> Shared with S2
A28: Quantum ML, RL & Agents | B28: Dunjko, V., Briegel, H.J. | C28: 2018 | D28: Machine learning & artificial intelligence in the quantum domain: a review of recent progress | E28: Reports on Progress in Physics, 81(7) | F28: Definitive review of quantum ML/AI incl. learning agents — backbone of the bridge chapter | G28: Open Access (arXiv:1709.02779) | H28: DOI: 10.1088/1361-6633/aab406 | I28: ★★★★★ | J28: Learning | K28: Quantum | L28: Both | M28: High | N28: Review | O28: Broad QML/AI review; agent results not robot-validated | P28: §5 | Q28: To read | S28: §5 | T28: Core | U28: 3.3 | W28: =IF(COUNTIF('Survey 2 Papers'!$D:$D,D28)>0,"Shared with S2","Unique") -> Shared with S2
A29: Quantum ML, RL & Agents | B29: Paparo, G.D., Dunjko, V., Makmal, A., Martin-Delgado, M.A., Briegel, H.J. | C29: 2014 | D29: Quantum speedup for active learning agents | E29: Physical Review X, 4(3) | F29: Quadratic quantum speedup for AI learning agents; foundational quantum-agent result | G29: Open Access | H29: DOI: 10.1103/PhysRevX.4.031002 | I29: ★★★★★ | J29: Learning | K29: Quantum | L29: Both | M29: High | N29: Theoretical | O29: Quadratic speedup proven abstractly; robotic realisation open | P29: §5 | Q29: To read | S29: §5 | T29: Core | U29: 3.3 | W29: =IF(COUNTIF('Survey 2 Papers'!$D:$D,D29)>0,"Shared with S2","Unique") -> Shared with S2
A30: Quantum ML, RL & Agents | B30: Briegel, H.J., De las Cuevas, G. | C30: 2012 | D30: Projective simulation for artificial intelligence | E30: Scientific Reports, 2 | F30: Psychology- & physics-motivated agent decision model with a natural route to quantization — key cognition bridge | G30: Open Access | H30: DOI: 10.1038/srep00400 | I30: ★★★★★ | J30: Cognition & Decision | K30: Quantum-inspired | L30: Both | M30: High | N30: Theoretical / model | O30: Elegant agent model; quantum advantage & robot use still to establish | P30: §5, §6 | Q30: To read | S30: §5 | T30: Core | U30: 3.3 | W30: =IF(COUNTIF('Survey 2 Papers'!$D:$D,D30)>0,"Shared with S2","Unique") -> Shared with S2
A31: Quantum ML, RL & Agents | B31: Dong, D., Chen, C., Li, H., Tarn, T.J. | C31: 2008 | D31: Quantum reinforcement learning | E31: IEEE Trans. SMC, Part B, 38(5) | F31: The founding QRL paper (superposition-based value updating) — basis for quantum RL in robots | G31: Paywalled (IEEE) | H31: DOI: 10.1109/TSMCB.2008.925743 | I31: ★★★★☆ | J31: Learning | K31: Quantum-inspired | L31: Both | M31: High | N31: Algorithmic / theoretical | O31: Foundational QRL; convergence & real-robot scaling open | P31: §5 | Q31: To read | S31: §5 | T31: Core | U31: 3.3 | W31: =IF(COUNTIF('Survey 2 Papers'!$D:$D,D31)>0,"Shared with S2","Unique") -> Shared with S2
A32: Quantum ML, RL & Agents | B32: Heimann, D., Hohenfeld, H., Wiebe, F., Kirchner, F. | C32: 2022 | D32: Quantum deep reinforcement learning for robot navigation tasks | E32: arXiv:2202.12180 (IEEE Access 2024) | F32: Recent, directly on-point: quantum deep RL applied to robot navigation | G32: Open Access (arXiv) | H32: arXiv:2202.12180 | I32: ★★★★☆ | J32: Learning | K32: Quantum | L32: Both | M32: High | N32: Robot / simulation experiment | O32: Small NISQ policies; does advantage persist at scale? | P32: §5 | Q32: To read | S32: §5 | T32: Core | U32: 3.3 | W32: =IF(COUNTIF('Survey 2 Papers'!$D:$D,D32)>0,"Shared with S2","Unique") -> Shared with S2
A33: Quantum Hardware & NISQ | B33: Bharti, K., Cervera-Lierta, A., Kyaw, T.H., et al. | C33: 2022 | D33: Noisy intermediate-scale quantum (NISQ) algorithms | E33: Reviews of Modern Physics, 94(1) | F33: Comprehensive NISQ algorithms + hardware limits — anchors the reality-check chapter | G33: Open Access (arXiv:2101.08448) | H33: DOI: 10.1103/RevModPhys.94.015004 | I33: ★★★★★ | J33: Foundations | K33: Quantum | L33: Survey | M33: Medium | N33: Review | O33: Which subset of NISQ methods is realistic for real-time robotics? | P33: §3 | Q33: To read | S33: §3 | T33: Core | U33: 3.6; 4.1 F2 | W33: =IF(COUNTIF('Survey 2 Papers'!$D:$D,D33)>0,"Shared with S2","Unique") -> Unique
A34: Quantum Hardware & NISQ | B34: Arute, F., et al. (Google AI Quantum) | C34: 2019 | D34: Quantum supremacy using a programmable superconducting processor | E34: Nature, 574 | F34: Milestone hardware demonstration; context for what current devices can do | G34: Paywalled (Nature) | H34: Nature 574:505-510 | I34: ★★★☆☆ | J34: Foundations | K34: Quantum | L34: Survey | M34: Low | N34: Experimental | O34: Supremacy task is non-robotic; contextual only | P34: §3 | Q34: To read | S34: §3 | T34: Core | U34: 1.3 Era 4 | W34: =IF(COUNTIF('Survey 2 Papers'!$D:$D,D34)>0,"Shared with S2","Unique") -> Unique
A35: Quantum Computing Foundations | B35: Nielsen, M.A., Chuang, I.L. | C35: 2010 | D35: Quantum Computation and Quantum Information (10th Anniversary Edition) | E35: Cambridge University Press | F35: The standard QC textbook — cite for algorithm/notation background throughout | G35: Paywalled (book) | H35: ISBN 978-1-107-00217-3 | I35: ★★★★★ | J35: Foundations | K35: Quantum | L35: Survey | M35: Low | N35: Reference (book) | O35: Background reference; no robotics content | P35: §2 | Q35: To read | S35: §2 | T35: Core | U35: 1.3 fundamentals | W35: =IF(COUNTIF('Survey 2 Papers'!$D:$D,D35)>0,"Shared with S2","Unique") -> Unique
A36: Quantum Computing Foundations | B36: Shor, P.W. | C36: 1997 | D36: Polynomial-time algorithms for prime factorization and discrete logarithms on a quantum computer | E36: SIAM J. Computing, 26(5) | F36: Foundational quantum algorithm; motivates the post-quantum crypto threat to robot security | G36: Open Access | H36: DOI: 10.1137/S0097539795293172 | I36: ★★★★☆ | J36: Communication & Security | K36: Quantum | L36: Survey | M36: Low | N36: Theoretical | O36: Motivates crypto threat; needs fault-tolerant hardware | P36: §2 | Q36: To read | S36: §2 | T36: Core | U36: 1.3 Era 2 | W36: =IF(COUNTIF('Survey 2 Papers'!$D:$D,D36)>0,"Shared with S2","Unique") -> Unique
A37: General Quantum Robotics | B37: Dong, D., et al. (authors to confirm at DOI) | C37: 2006 | D37: Quantum robot: structure, algorithms and applications | E37: Robotica, 24(4) | F37: Early paper coining the 'quantum robot' concept and architecture | G37: Paywalled (Cambridge) | H37: DOI: 10.1017/S0263574705002596 | I37: ★★★☆☆ | J37: Foundations | K37: Quantum-inspired | L37: Survey | M37: Medium | N37: Theoretical / conceptual | O37: Early concept; little empirical follow-through | P37: §1 | Q37: To read | S37: §4 | T37: Core | U37: 1.3 Era 3 | W37: =IF(COUNTIF('Survey 2 Papers'!$D:$D,D37)>0,"Shared with S2","Unique") -> Shared with S2
A38: Quantum Sensing & Metrology | B38: Degen, C.L., Reinhard, F., Cappellaro, P. | C38: 2017 | D38: Quantum sensing | E38: Reviews of Modern Physics, 89(3) | F38: Definitive review of quantum sensors (magnetometry, atomic clocks, NV centres) — basis for quantum-enhanced robot perception/navigation | G38: Open Access (arXiv:1611.02427) | H38: DOI: 10.1103/RevModPhys.89.035002 | I38: ★★★★★ | J38: Perception | K38: Quantum | L38: Survey | M38: Medium | N38: Review | O38: Sensing hardware is mature but robot integration / size-weight-power constraints largely unaddressed | P38: §7 | Q38: To read | S38: §7 | T38: Core | U38: 3.5 | W38: =IF(COUNTIF('Survey 2 Papers'!$D:$D,D38)>0,"Shared with S2","Unique") -> Unique
A39: Quantum Computing Foundations | B39: Montanaro, A. | C39: 2016 | D39: Quantum algorithms: an overview | E39: npj Quantum Information, 2 | F39: Concise map of quantum algorithms and their speedups — ideal background for the algorithms chapter | G39: Open Access | H39: DOI: 10.1038/npjqi.2015.23 | I39: ★★★★★ | J39: Foundations | K39: Quantum | L39: Survey | M39: Low | N39: Review | O39: Broad overview; robotics applications not specifically addressed | P39: §2 | Q39: To read | S39: §2 | T39: Core | U39: 1.3 fundamentals | W39: =IF(COUNTIF('Survey 2 Papers'!$D:$D,D39)>0,"Shared with S2","Unique") -> Unique
A40: Quantum ML, RL & Agents | B40: Skolik, A., Jerbi, S., Dunjko, V. | C40: 2022 | D40: Quantum agents in the Gym: a variational quantum algorithm for deep Q-learning | E40: Quantum, 6 | F40: VQC-based deep Q-learning agents on Gym tasks — practical template for quantum RL policies | G40: Open Access | H40: DOI: 10.22331/q-2022-05-24-720 | I40: ★★★★★ | J40: Learning | K40: Quantum | L40: Both | M40: High | N40: Experimental / algorithmic | O40: Competitive with classical NNs only on simple benchmarks; scaling open | P40: §5 | Q40: To read | S40: §5 | T40: Core | U40: 3.3 | W40: =IF(COUNTIF('Survey 2 Papers'!$D:$D,D40)>0,"Shared with S2","Unique") -> Shared with S2
A41: Quantum ML, RL & Agents | B41: Jerbi, S., Gyurik, C., Marshall, S.C., Briegel, H.J., Dunjko, V. | C41: 2021 | D41: Parametrized quantum policies for reinforcement learning | E41: NeurIPS, 34 | F41: Quantum policy-gradient RL with proven learning separations — theoretical backbone for quantum robot policies | G41: Open Access (arXiv:2103.05577) | H41: arXiv:2103.05577 (NeurIPS 2021) | I41: ★★★★☆ | J41: Learning | K41: Quantum | L41: Both | M41: High | N41: Theoretical / experimental | O41: Separations shown on constructed tasks; real-robot relevance to establish | P41: §5 | Q41: To read | S41: §5 | T41: Core | U41: 3.3 | W41: =IF(COUNTIF('Survey 2 Papers'!$D:$D,D41)>0,"Shared with S2","Unique") -> Shared with S2
A42: Quantum ML, RL & Agents | B42: Sinha, A., Macaluso, A., Klusch, M. | C42: 2023 | D42: Nav-Q: quantum deep reinforcement learning for collision-free navigation of self-driving cars | E42: arXiv:2311.12875 (IEEE QCE) | F42: Directly on-point: quantum deep RL for autonomous-vehicle collision-free navigation | G42: Open Access (arXiv) | H42: arXiv:2311.12875 | I42: ★★★★☆ | J42: Localisation & Navigation | K42: Quantum | L42: Both | M42: High | N42: Simulation experiment | O42: Simulation only; NISQ hardware feasibility for real vehicles open | P42: §5 | Q42: To read | S42: §5 | T42: Core | U42: 3.3 | W42: =IF(COUNTIF('Survey 2 Papers'!$D:$D,D42)>0,"Shared with S2","Unique") -> Unique
A43: Multi-Robot / Swarm Robotics | B43: Mannone, M., Seidita, V., Chella, A. | C43: 2023 | D43: Modeling and designing a robotic swarm: a quantum computing approach | E43: Swarm and Evolutionary Computation, 79 | F43: Quantum-computing formulation of swarm design & coordination — fills the multi-robot gap | G43: Paywalled (Elsevier) | H43: Swarm Evol Comput 79:101297 | I43: ★★★★☆ | J43: Multi-Robot Coordination | K43: Quantum | L43: Survey | M43: Medium | N43: Algorithmic / conceptual | O43: Conceptual/simulation; hardware-scale swarm demonstrations absent | P43: §4 | Q43: To read | S43: §7 | T43: Core | U43: 3.8.3 | W43: =IF(COUNTIF('Survey 2 Papers'!$D:$D,D43)>0,"Shared with S2","Unique") -> Unique
A44: Multi-Robot / Swarm Robotics | B44: Mannone, M., Seidita, V., Chella, A. | C44: 2025 | D44: Quantum computing for swarm robotics: a local-to-global approach | E44: Phil. Trans. R. Soc. A, 383(2289) | F44: Recent review of quantum formalisations of swarm dynamics & multi-robot decision — strong multi-robot anchor | G44: Open Access | H44: DOI: 10.1098/rsta.2024.0139 | I44: ★★★★★ | J44: Multi-Robot Coordination | K44: Quantum | L44: Survey | M44: High | N44: Review | O44: Formalism-level; empirical multi-robot validation still needed | P44: §4 | Q44: To read | S44: §7 | T44: Core | U44: 3.8.3 | W44: =IF(COUNTIF('Survey 2 Papers'!$D:$D,D44)>0,"Shared with S2","Unique") -> Unique
A45: Multi-Robot / Swarm Robotics | B45: Masood, A., Gao, F., Liu, C., et al. | C45: 2018 | D45: A robot SLAM improved by quantum-behaved particle swarm optimization | E45: Mathematical Problems in Engineering, 2018 | F45: Quantum-behaved PSO applied to robot SLAM — concrete quantum-inspired localisation/mapping | G45: Open Access | H45: Math Probl Eng 2018:1596080 | I45: ★★★☆☆ | J45: Localisation & Navigation | K45: Quantum-inspired | L45: Survey | M45: Medium | N45: Algorithmic / experimental | O45: Quantum-behaved PSO is a classical metaheuristic, not quantum computing | P45: §4 | Q45: To read | S45: §7 | T45: Core | U45: 3.8.2 | V45: Quantum-inspired (classical) — use as QICA example | W45: =IF(COUNTIF('Survey 2 Papers'!$D:$D,D45)>0,"Shared with S2","Unique") -> Unique
A46: Quantum Monte Carlo | B46: Brassard, G., Hoyer, P., Mosca, M., Tapp, A. | C46: 2000 | D46: Quantum amplitude amplification | E46: arXiv:quant-ph/0005055 | F46: Generalises Grover search; core primitive for quantum sampling/search | G46: Open Access | I46: ★★★★☆ | J46: Foundations | K46: Quantum | L46: Survey | M46: Low | N46: Foundational / theoretical | O46: Needs fault-tolerant QC | P46: §4 | Q46: To read | R46: Amplitude amplification primitive | S46: §2, §4 | T46: Core | U46: 3.4 | W46: =IF(COUNTIF('Survey 2 Papers'!$D:$D,D46)>0,"Shared with S2","Unique") -> Unique
A47: Quantum Machine Learning | B47: Rebentrost, P., Bromley, T.R., Weedbrook, C., Lloyd, S. | C47: 2014 | D47: Quantum support vector machine for big data classification | E47: Phys Rev Lett, 113(13) | F47: Quantum SVM / kernel method; robot classification and perception | G47: Open Access | I47: ★★★★☆ | J47: Learning | K47: Quantum | L47: Survey | M47: Low | N47: Theoretical | O47: Data-loading bottleneck | P47: §5 | Q47: To read | R47: Quantum kernel classification | S47: §4, §5 | T47: Core | U47: 3.2 | V47: Title corrected | W47: =IF(COUNTIF('Survey 2 Papers'!$D:$D,D47)>0,"Shared with S2","Unique") -> Unique
A48: Quantum ML, RL & Agents | B48: Hohenfeld, H., Heimann, D., Wiebe, F., Kirchner, F. | C48: 2023 | D48: Continuous quantum RL for navigation | E48: Fraunhofer / SciTePress | F48: Hybrid quantum-classical DDPG for continuous navigation; ~200x fewer weights | G48: Open Access | I48: ★★★★☆ | J48: Localisation & Navigation | K48: Quantum | L48: Both | M48: High | N48: Simulation experiment | O48: Simulation only; NISQ feasibility open | P48: §5 | Q48: To read | R48: Continuous-action QRL for navigation | S48: §5 | T48: Core | U48: 3.3 | W48: =IF(COUNTIF('Survey 2 Papers'!$D:$D,D48)>0,"Shared with S2","Unique") -> Unique
A49: Quantum Machine Learning | B49: Aaronson, S. | C49: 2015 | D49: Read the fine print | E49: Nature Physics, 11(4) | F49: Critical appraisal of QML speedup caveats (data loading, readout) | G49: Paywalled | I49: ★★★★☆ | J49: Foundations | K49: Quantum | L49: Both | M49: Medium | N49: Review / critique | O49: Tempers quantum-advantage claims | P49: §8 | Q49: To read | R49: Essential QML reality check | S49: §4, §5 | T49: Core | U49: 4.1 F1 | W49: =IF(COUNTIF('Survey 2 Papers'!$D:$D,D49)>0,"Shared with S2","Unique") -> Shared with S2
A50: Quantum ML, RL & Agents | B50: Chen, S.Y.-C., Yang, C.-H.H., Qi, J., et al. | C50: 2020 | D50: Variational quantum circuits for RL | E50: IEEE Access, 8 | F50: Foundational VQC-based deep Q-learning tested with hardware noise | G50: Open Access | I50: ★★★★☆ | J50: Learning | K50: Quantum | L50: Both | M50: High | N50: Experimental / algorithmic | O50: Simple benchmarks; scaling open | P50: §5 | Q50: To read | R50: VQC deep Q-learning template | S50: §5 | T50: Core | U50: 3.3 | W50: =IF(COUNTIF('Survey 2 Papers'!$D:$D,D50)>0,"Shared with S2","Unique") -> Shared with S2
A51: Context: Classical Robotics | B51: Kaelbling, L.P., Littman, M.L., Cassandra, A.R. | C51: 1998 | D51: Planning in POMDPs | E51: Artificial Intelligence, 101(1-2) | F51: Foundational POMDP formulation for decision under state uncertainty | G51: Paywalled | I51: ★★★★★ | J51: Planning & Control | K51: Classical baseline | L51: Both | M51: Medium | N51: Foundational / theoretical | O51: Classical baseline quantum must beat | P51: §6 | Q51: To read | R51: POMDP belief-state planning | S51: §4 | T51: Context | U51: 3.7 classical baseline | W51: =IF(COUNTIF('Survey 2 Papers'!$D:$D,D51)>0,"Shared with S2","Unique") -> Unique
A52: Quantum ML, RL & Agents | B52: Yun, W.J., Park, J., et al. | C52: 2022 | D52: Quantum multi-agent reinforcement learning via variational quantum circuit design | E52: IEEE ICDCS 2022 | F52: Extends VQC-QRL to cooperative multi-agent settings (CTDE) | G52: Paywalled (IEEE); arXiv | H52: arXiv:2203.10443 | I52: ★★★★☆ | J52: Multi-Robot Coordination | K52: Quantum | L52: Both | M52: High | N52: Experimental / algorithmic | O52: Multi-robot hardware scale open | P52: §5 | Q52: To read | R52: Multi-agent QRL | S52: §5 | T52: Core | U52: 3.8.3 | W52: =IF(COUNTIF('Survey 2 Papers'!$D:$D,D52)>0,"Shared with S2","Unique") -> Shared with S2
A53: Quantum ML, RL & Agents | B53: Chen, S.Y.-C., Huang, C.-M., Hsing, C.-W., Goan, H.-S., Kao, Y.-J. | C53: 2022 | D53: Variational quantum reinforcement learning via evolutionary optimization | E53: Machine Learning: Science and Technology, 3(1) | F53: Gradient-free QRL with amplitude encoding for high-dim inputs | G53: Paywalled (IOP) | H53: DOI: 10.1088/2632-2153/ac4559 | I53: ★★★☆☆ | J53: Learning | K53: Quantum | L53: Both | M53: Medium | N53: Experimental / algorithmic | O53: Evolutionary QRL; scaling open | P53: §5 | Q53: To read | R53: Evolutionary QRL | S53: §5 | T53: Core | U53: 3.3 | W53: =IF(COUNTIF('Survey 2 Papers'!$D:$D,D53)>0,"Shared with S2","Unique") -> Unique
A54: Quantum Machine Learning | B54: Mitarai, K., Negoro, M., Kitagawa, M., Fujii, K. | C54: 2018 | D54: Quantum circuit learning | E54: Physical Review A, 98 | F54: Introduces parameterized quantum circuits (QCL) for learning tasks | G54: Paywalled (APS); arXiv | H54: DOI: 10.1103/PhysRevA.98.032309 | I54: ★★★★☆ | J54: Learning | K54: Quantum | L54: Survey | M54: Low | N54: Algorithmic / theoretical | O54: Foundational; NISQ scale | P54: §5 | Q54: To read | R54: Quantum circuit learning | S54: §4, §5 | T54: Core | U54: 3.2 | W54: =IF(COUNTIF('Survey 2 Papers'!$D:$D,D54)>0,"Shared with S2","Unique") -> Unique
A55: Quantum Machine Learning | B55: Schuld, M., Petruccione, F. | C55: 2021 | D55: Machine Learning with Quantum Computers | E55: Springer | F55: Standard QML textbook for models and quantum feature encodings | G55: Paywalled (book) | H55: DOI: 10.1007/978-3-030-83098-4 | I55: ★★★★☆ | J55: Learning | K55: Quantum | L55: Survey | M55: Low | N55: Reference (book) | O55: Background reference | P55: §5 | Q55: To read | R55: QML textbook | S55: §4, §5 | T55: Core | U55: 3.2 | W55: =IF(COUNTIF('Survey 2 Papers'!$D:$D,D55)>0,"Shared with S2","Unique") -> Unique
A56: Quantum Machine Learning | B56: Farhi, E., Neven, H. | C56: 2018 | D56: Classification with quantum neural networks on near-term processors | E56: arXiv:1802.06002 | F56: Early quantum neural network for classification on NISQ devices | G56: Open Access (arXiv) | H56: https://arxiv.org/abs/1802.06002 | I56: ★★★☆☆ | J56: Learning | K56: Quantum | L56: Survey | M56: Low | N56: Algorithmic | O56: NISQ-limited | P56: §5 | Q56: To read | R56: Early QNN classifier | S56: §4, §5 | T56: Core | U56: 3.2 | W56: =IF(COUNTIF('Survey 2 Papers'!$D:$D,D56)>0,"Shared with S2","Unique") -> Unique
A57: General Quantum Robotics | B57: Acuto, A., et al. | C57: 2022 | D57: Variational quantum soft actor-critic for robotic arm control | E57: arXiv | F57: Variational quantum SAC controlling a simulated robotic arm; fewer parameters | G57: Verify Details | I57: ★★★★☆ | J57: Planning & Control | K57: Quantum | L57: Both | M57: High | N57: Simulation experiment | O57: Verify authors/venue; simulation only | P57: §4 | Q57: To read | R57: Quantum SAC arm control (verify) | S57: §4 | T57: Core | U57: 3.3; 3.6 case study | W57: =IF(COUNTIF('Survey 2 Papers'!$D:$D,D57)>0,"Shared with S2","Unique") -> Unique
A58: General Quantum Robotics | B58: Q-SpiRL (authors to confirm) | C58: 2026 | D58: Q-SpiRL: quantum spiking reinforcement learning for adaptive robot navigation | E58: arXiv:2605.20801 (NYUAD) | F58: Spiking neural nets + quantum RL for adaptive navigation | G58: Verify Details | H58: https://arxiv.org/pdf/2605.20801 | I58: ★★★☆☆ | J58: Localisation & Navigation | K58: Quantum | L58: Both | M58: High | N58: Simulation experiment | O58: Verify authors/venue; preprint | P58: §5 | Q58: To read | R58: Quantum spiking RL (verify) | S58: §4 | T58: Core | U58: 3.3 | V58: Verify authors before citing | W58: =IF(COUNTIF('Survey 2 Papers'!$D:$D,D58)>0,"Shared with S2","Unique") -> Unique
A59: Context: Classical Robotics | B59: Kurniawati, H. | C59: 2022 | D59: Partially observable Markov decision processes and robotics | E59: Annual Review of Control, Robotics, and Autonomous Systems, 5 | F59: Current review of sampling-based POMDP solvers on physical robots | G59: Paywalled (Annual Reviews); arXiv | H59: DOI: 10.1146/annurev-control-042920-092451 | I59: ★★★★☆ | J59: Planning & Control | K59: Classical baseline | L59: Both | M59: Medium | N59: Review | O59: Classical baseline for §6 | P59: §6 | Q59: To read | R59: POMDP-robotics review | S59: §4 | T59: Context | U59: 3.7 classical baseline | W59: =IF(COUNTIF('Survey 2 Papers'!$D:$D,D59)>0,"Shared with S2","Unique") -> Unique
A60: Context: Classical Robotics | B60: Dellaert, F., Fox, D., Burgard, W., Thrun, S. | C60: 1999 | D60: Monte Carlo localization for mobile robots | E60: IEEE ICRA 1999 | F60: Introduces particle-filter (Monte Carlo) localization | G60: Paywalled (IEEE) | H60: DOI: 10.1109/ROBOT.1999.772544 | I60: ★★★★☆ | J60: Localisation & Navigation | K60: Classical baseline | L60: Survey | M60: Low | N60: Algorithmic / experimental | O60: Classical localisation baseline | P60: §4 | Q60: To read | R60: Monte Carlo localization | S60: §4 | T60: Context | U60: 3.4 classical baseline | W60: =IF(COUNTIF('Survey 2 Papers'!$D:$D,D60)>0,"Shared with S2","Unique") -> Unique
A61: Quantum Hardware | B61: Terhal, B. M. | C61: 2015 | D61: Quantum Error Correction for Quantum Computation | E61: Rev. Mod. Phys. | F61: Essential for understanding quantum hardware limitations; real-time robot control feasibility | G61: To find | I61: ★★★★☆ | J61: Hardware | K61: Quantum | L61: Survey 1 | M61: High | N61: Algorithmic / theoretical | P61: §3 | Q61: To read | R61: Priority 1 gap paper. Added from Missing Papers list. Serves: Survey 1 §3. | S61: §3 | T61: Core | U61: 3.8.1 | W61: =IF(COUNTIF('Survey 2 Papers'!$D:$D,D61)>0,"Shared with S2","Unique") -> Unique
A62: Quantum Hardware | B62: Fowler, A., Mariantoni, M., Martinis, J., Cleland, A. | C62: 2012 | D62: Surface Codes: Towards Practical Large-Scale Quantum Computation | E62: Rep. Prog. Phys. | F62: Near-term quantum error correction; robotics hardware requirements | G62: To find | I62: ★★★★☆ | J62: Hardware | K62: Quantum | L62: Survey 1 | M62: High | N62: Algorithmic / theoretical | P62: §3,§8 | Q62: To read | R62: Priority 1 gap paper. Added from Missing Papers list. Serves: Survey 1 §3,§8. | S62: §3 | T62: Core | U62: 3.8.1 | W62: =IF(COUNTIF('Survey 2 Papers'!$D:$D,D62)>0,"Shared with S2","Unique") -> Unique
A63: Classical Robotics | B63: LaValle, S. | C63: 1998 | D63: Rapidly-exploring Random Trees: A New Tool for Path Planning | E63: ISRR | F63: RRT algorithm; classical baseline for quantum path planning comparison | G63: To find | I63: ★★★☆☆ | J63: Planning & Control | K63: Classical | L63: Survey 1 | M63: Medium | N63: Classical baseline | P63: §4 | Q63: To read | R63: Priority 2 gap paper. Added from Missing Papers list. Serves: Survey 1 §4. | S63: §4 | T63: Context | U63: 3.1 classical baseline | W63: =IF(COUNTIF('Survey 2 Papers'!$D:$D,D63)>0,"Shared with S2","Unique") -> Unique
A64: Classical Robotics | B64: Karaman, S., Frazzoli, E. | C64: 2011 | D64: Sampling-based Algorithms for Optimal Motion Planning | E64: IJRR | F64: RRT*, PRM algorithms; classical sampling methods | G64: To find | I64: ★★★☆☆ | J64: Planning & Control | K64: Classical | L64: Survey 1 | M64: Medium | N64: Classical baseline | P64: §4 | Q64: To read | R64: Priority 2 gap paper. Added from Missing Papers list. Serves: Survey 1 §4. | S64: §4 | T64: Context | U64: 3.1 classical baseline | W64: =IF(COUNTIF('Survey 2 Papers'!$D:$D,D64)>0,"Shared with S2","Unique") -> Unique
A65: Classical Robotics | B65: Garrett, C., Lozano-Pérez, T., Kaelbling, L. | C65: 2021 | D65: Integrated Task and Motion Planning (Review) | E65: Annual Review / arXiv | F65: Comprehensive planning taxonomy | G65: To find | I65: ★★★☆☆ | J65: Planning & Control | K65: Classical | L65: Survey 1 | M65: Medium | N65: Classical baseline | P65: §4 | Q65: To read | R65: Priority 2 gap paper. Added from Missing Papers list. Serves: Survey 1 §4. | S65: §4 | T65: Context | U65: 3.1 classical baseline | W65: =IF(COUNTIF('Survey 2 Papers'!$D:$D,D65)>0,"Shared with S2","Unique") -> Unique
A66: Classical RL | B66: Sutton, R., Barto, A. | C66: 2018 | D66: Reinforcement Learning: An Introduction (2nd ed.) | E66: MIT Press | F66: Foundational RL; classical baseline for quantum RL | G66: To find | I66: ★★☆☆☆ | J66: Learning | K66: Classical | L66: Survey 1,2 | M66: Low | N66: Classical baseline | P66: §5,§6 | Q66: To read | R66: Priority 3 gap paper. Added from Missing Papers list. Serves: Survey 1,2 §5,§6. | S66: §5 | T66: Context | U66: 3.3 classical baseline | W66: =IF(COUNTIF('Survey 2 Papers'!$D:$D,D66)>0,"Shared with S2","Unique") -> Shared with S2
A67: General Quantum Robotics | B67: Petschnigg, C., Brandstötter, M., Pichler, H., Hofbaur, M., Dieber, B. | C67: 2019 | D67: Quantum computation in robotic science and applications | E67: ICRA 2019, pp. 803–810 | F67: Key position paper on QC for robotics (AI/ML, sensing, kinematics, diagnosis) — competing survey to position against | G67: Paywalled (IEEE); Author PDF | H67: DOI: 10.1109/ICRA.2019.8793768 | I67: ★★★★★ | J67: Foundations | K67: Quantum | L67: Survey | M67: High | N67: Robotics review | O67: Position paper; little experimental evidence | Q67: To read | T67: Core | U67: 1.2 research gap (competing survey) | V67: Added 2026-09-25 — verified via web search | W67: =IF(COUNTIF('Survey 2 Papers'!$D:$D,D67)>0,"Shared with S2","Unique") -> Shared with S2
A68: General Quantum Robotics | B68: Tandon, P., Lam, S., Shih, B., Mehta, T., Mitev, A., Ong, Z. | C68: 2017 | D68: Quantum robotics: a primer on current science and future perspectives | E68: Synthesis Lectures on Quantum Computing, 6 | F68: Book-length primer on quantum robotics — history & taxonomy | G68: Paywalled (book) | H68: DOI: 10.2200/S00746ED1V01Y201612QMC010 | I68: ★★★★☆ | J68: Foundations | K68: Quantum | L68: Survey | M68: Medium | N68: Review (book) | O68: Pre-NISQ perspective; dated | Q68: To read | T68: Core | U68: 1.3 Era 4; 1.2 | V68: Added 2026-09-25 — verified via web search | W68: =IF(COUNTIF('Survey 2 Papers'!$D:$D,D68)>0,"Shared with S2","Unique") -> Unique
A69: Multi-Robot / Swarm Robotics | B69: Chella, A., Gaglio, S., Mannone, M., Pilato, G., Seidita, V., Vella, F., Zammuto, S. | C69: 2023 | D69: Quantum planning for swarm robotics | E69: Robotics and Autonomous Systems, 161, 104362 | F69: Grover-based path planning for a robot swarm (search & rescue); code public | G69: Paywalled (Elsevier) | H69: DOI: 10.1016/j.robot.2023.104362 | I69: ★★★★★ | J69: Multi-Robot Coordination | K69: Quantum | L69: Survey | M69: High | N69: Algorithmic / simulation | O69: Simulated swarm; hardware scale-up open | Q69: To read | T69: Core | U69: 3.4; 3.8.3 | V69: Added 2026-09-25 — verified via web search | W69: =IF(COUNTIF('Survey 2 Papers'!$D:$D,D69)>0,"Shared with S2","Unique") -> Unique
A70: General Quantum Robotics | B70: Chella, A., Gaglio, S., Pilato, G., Vella, F., Zammuto, S. | C70: 2022 | D70: A quantum planner for robot motion | E70: Mathematics, 10(14), 2475 | F70: Quantum-circuit motion planner for a single robot | G70: Open Access | H70: DOI: 10.3390/math10142475 | I70: ★★★★☆ | J70: Planning & Control | K70: Quantum | L70: Survey | M70: High | N70: Algorithmic / simulation | O70: Small-scale; latency on real hardware | Q70: To read | T70: Core | U70: 3.4 | V70: Added 2026-09-25 — verified via web search | W70: =IF(COUNTIF('Survey 2 Papers'!$D:$D,D70)>0,"Shared with S2","Unique") -> Unique
A71: General Quantum Robotics | B71: Antero, U., Sierra, B., Oñativia, J., Ruiz, A., Osaba, E. | C71: 2025 | D71: Robot localization aided by quantum algorithms | E71: Robotics and Autonomous Systems (2025); arXiv:2502.00077 | F71: Grover's search applied to 2D mobile-robot localisation vs AMCL | G71: Open Access (arXiv) | H71: https://arxiv.org/abs/2502.00077 | I71: ★★★★★ | J71: Localisation & Navigation | K71: Quantum | L71: Survey | M71: High | N71: Robot / hardware experiment | O71: Current hardware limits; map-size scaling | Q71: To read | T71: Core | U71: 3.4; 3.6 case study | V71: Added 2026-09-25 — verified via web search | W71: =IF(COUNTIF('Survey 2 Papers'!$D:$D,D71)>0,"Shared with S2","Unique") -> Unique
A72: Quantum Optimization | B72: Ohzeki, M., Miki, A., Miyama, M.J., Terabe, M. | C72: 2019 | D72: Control of automated guided vehicles without collision by quantum annealer and digital devices | E72: Frontiers in Computer Science, 1, 9 | F72: QUBO/annealing control of real factory AGVs (D-Wave 2000Q) — industrial robotics case | G72: Open Access | H72: DOI: 10.3389/fcomp.2019.00009 | I72: ★★★★★ | J72: Multi-Robot Coordination | K72: Quantum | L72: Survey | M72: High | N72: Industrial case study | O72: D-Wave handles only small fleets | Q72: To read | T72: Core | U72: 3.1 (annealing); 3.6 case study | V72: Added 2026-09-25 — verified via web search | W72: =IF(COUNTIF('Survey 2 Papers'!$D:$D,D72)>0,"Shared with S2","Unique") -> Unique
A73: Quantum Optimization | B73: Atchade-Adelomou, P., Alonso-Linaje, G., Albo-Canals, J., Casado-Fauli, D. | C73: 2021 | D73: qRobot: a quantum computing approach in mobile robot order picking and batching problem solver optimization | E73: Algorithms, 14(7), 194 | F73: QUBO formulation for mobile-robot order picking | G73: Open Access | H73: DOI: 10.3390/a14070194 | I73: ★★★★☆ | J73: Planning & Control | K73: Quantum | L73: Survey | M73: High | N73: Algorithmic / experimental | O73: Small instances only | Q73: To read | T73: Core | U73: 3.1 | V73: Added 2026-09-25 — verified via web search | W73: =IF(COUNTIF('Survey 2 Papers'!$D:$D,D73)>0,"Shared with S2","Unique") -> Unique
A74: Quantum Optimization | B74: Lucas, A. | C74: 2014 | D74: Ising formulations of many NP problems | E74: Frontiers in Physics, 2, 5 | F74: Standard reference for mapping TSP/scheduling/routing to QUBO/Ising | G74: Open Access | H74: DOI: 10.3389/fphy.2014.00005 | I74: ★★★★★ | J74: Planning & Control | K74: Quantum | L74: Survey | M74: Medium | N74: Theoretical | O74: Encoding overhead for large robot problems | Q74: To read | T74: Core | U74: 3.1 | V74: Added 2026-09-25 — verified via web search | W74: =IF(COUNTIF('Survey 2 Papers'!$D:$D,D74)>0,"Shared with S2","Unique") -> Unique
A75: Quantum Optimization | B75: Guerreschi, G.G., Matsuura, A.Y. | C75: 2019 | D75: QAOA for Max-Cut requires hundreds of qubits for quantum speed-up | E75: Scientific Reports, 9, 6903 | F75: Resource estimate: QAOA needs hundreds of qubits to beat classical solvers — key barrier | G75: Open Access | H75: DOI: 10.1038/s41598-019-43176-9 | I75: ★★★★☆ | J75: Planning & Control | K75: Quantum | L75: Survey | M75: Medium | N75: Theoretical / numerical | O75: Tempers near-term QAOA claims | Q75: To read | T75: Core | U75: 3.1 key barrier; 4.1 F1 | V75: Added 2026-09-25 — from domain knowledge; confirm DOI before citing | W75: =IF(COUNTIF('Survey 2 Papers'!$D:$D,D75)>0,"Shared with S2","Unique") -> Unique
A76: Quantum ML, RL & Agents | B76: Meyer, N., Ufrecht, C., Periyasamy, M., Scherer, D.D., Plinge, A., Mutschler, C. | C76: 2022 | D76: A survey on quantum reinforcement learning | E76: arXiv:2211.03464 (v2 2024) | F76: Most complete QRL survey (VQC-based and fault-tolerant QRL) | G76: Open Access | H76: https://arxiv.org/abs/2211.03464 | I76: ★★★★★ | J76: Learning | K76: Quantum | L76: Survey | M76: High | N76: Review | O76: Few robot-specific validations | Q76: To read | T76: Core | U76: 3.3 | V76: Added 2026-09-25 — verified via web search | W76: =IF(COUNTIF('Survey 2 Papers'!$D:$D,D76)>0,"Shared with S2","Unique") -> Shared with S2
A77: Quantum Machine Learning | B77: McClean, J.R., Boixo, S., Smelyanskiy, V.N., Babbush, R., Neven, H. | C77: 2018 | D77: Barren plateaus in quantum neural network training landscapes | E77: Nature Communications, 9, 4812 | F77: Original barren-plateau result — gradients vanish exponentially with qubit count | G77: Open Access | H77: DOI: 10.1038/s41467-018-07090-4 | I77: ★★★★★ | J77: Learning | K77: Quantum | L77: Both | M77: Medium | N77: Theoretical | O77: Core barrier to scalable QML for robots | Q77: To read | T77: Core | U77: 3.2 (barren plateaus); 4.1 F4 | V77: Added 2026-09-25 — verified via web search | W77: =IF(COUNTIF('Survey 2 Papers'!$D:$D,D77)>0,"Shared with S2","Unique") -> Unique
A78: Quantum Machine Learning | B78: Larocca, M., Thanasilp, S., Wang, S., Sharma, K., Biamonte, J., Coles, P.J., Cincio, L., McClean, J.R., Holmes, Z., Cerezo, M. | C78: 2025 | D78: Barren plateaus in variational quantum computing | E78: Nature Reviews Physics (2025); arXiv:2405.00781 | F78: Up-to-date review of barren plateaus and mitigation | G78: Open Access (arXiv) | H78: https://arxiv.org/abs/2405.00781 | I78: ★★★★★ | J78: Learning | K78: Quantum | L78: Both | M78: Medium | N78: Review | O78: Mitigation vs classical simulability trade-off | Q78: To read | T78: Core | U78: 3.2; 4.1 F4 | V78: Added 2026-09-25 — verified via web search | W78: =IF(COUNTIF('Survey 2 Papers'!$D:$D,D78)>0,"Shared with S2","Unique") -> Unique
A79: Quantum Hardware & NISQ | B79: Cai, Z., Babbush, R., Benjamin, S.C., Endo, S., Huggins, W.J., Li, Y., McClean, J.R., O'Brien, T.E. | C79: 2023 | D79: Quantum error mitigation | E79: Reviews of Modern Physics, 95(4), 045005 | F79: Definitive QEM review — anchor for §3.8.1 | G79: Open Access (arXiv:2210.00921) | H79: DOI: 10.1103/RevModPhys.95.045005 | I79: ★★★★★ | J79: Foundations | K79: Quantum | L79: Survey | M79: Medium | N79: Review | O79: Sampling overhead = latency cost for robots | Q79: To read | T79: Core | U79: 3.8.1 | V79: Added 2026-09-25 — verified via web search | W79: =IF(COUNTIF('Survey 2 Papers'!$D:$D,D79)>0,"Shared with S2","Unique") -> Unique
A80: Quantum Hardware & NISQ | B80: Kandala, A., Temme, K., Córcoles, A.D., Mezzacapo, A., Chow, J.M., Gambetta, J.M. | C80: 2019 | D80: Error mitigation extends the computational reach of a noisy quantum processor | E80: Nature, 567, 491–495 | F80: Hardware demonstration of zero-noise extrapolation | G80: Paywalled (Nature); arXiv | H80: DOI: 10.1038/s41586-019-1040-7 | I80: ★★★★☆ | J80: Foundations | K80: Quantum | L80: Survey | M80: Low | N80: Experimental | O80: Adds repeated circuit runs (latency) | Q80: To read | T80: Core | U80: 3.8.1 | V80: Added 2026-09-25 — verified via web search | W80: =IF(COUNTIF('Survey 2 Papers'!$D:$D,D80)>0,"Shared with S2","Unique") -> Unique
A81: Quantum Hardware & NISQ | B81: Temme, K., Bravyi, S., Gambetta, J.M. | C81: 2017 | D81: Error mitigation for short-depth quantum circuits | E81: Physical Review Letters, 119, 180509 | F81: Introduces zero-noise extrapolation and probabilistic error cancellation | G81: Open Access (arXiv:1612.02058) | H81: DOI: 10.1103/PhysRevLett.119.180509 | I81: ★★★★☆ | J81: Foundations | K81: Quantum | L81: Survey | M81: Low | N81: Theoretical | O81: Overhead vs real-time constraints | Q81: To read | T81: Core | U81: 3.8.1 | V81: Added 2026-09-25 — from domain knowledge; confirm DOI before citing | W81: =IF(COUNTIF('Survey 2 Papers'!$D:$D,D81)>0,"Shared with S2","Unique") -> Unique
A82: Quantum Sensing & Metrology | B82: Muradoğlu, M., Johnsson, M.T., Wilson, N.M., et al., Biercuk, M.J. (Q-CTRL) | C82: 2025 | D82: Quantum-assured magnetic navigation achieves positioning accuracy better than a strategic-grade INS in airborne and ground-based field trials | E82: arXiv:2504.08167 | F82: Field-trialled quantum-magnetometer navigation (drone-sized) — strongest evidence for Finding 3 | G82: Open Access (arXiv) | H82: https://arxiv.org/abs/2504.08167 | I82: ★★★★★ | J82: Localisation & Navigation | K82: Quantum | L82: Survey | M82: High | N82: Field experiment | O82: Industry preprint; map dependence | Q82: To read | T82: Core | U82: 3.5; 4.1 F3 | V82: Added 2026-09-25 — verified via web search | W82: =IF(COUNTIF('Survey 2 Papers'!$D:$D,D82)>0,"Shared with S2","Unique") -> Unique
A83: Quantum Sensing & Metrology | B83: Cheiney, P., Fouché, L., Templier, S., Napolitano, F., Battelier, B., Bouyer, P., Barrett, B. | C83: 2018 | D83: Navigation-compatible hybrid quantum accelerometer using a Kalman filter | E83: Physical Review Applied, 10, 034030 | F83: Cold-atom + classical accelerometer fused by Kalman filter — bridge to robot state estimation | G83: Paywalled (APS); arXiv | H83: DOI: 10.1103/PhysRevApplied.10.034030 | I83: ★★★★★ | J83: Localisation & Navigation | K83: Quantum | L83: Survey | M83: High | N83: Experimental | O83: Dynamic range & SWaP on mobile platforms | Q83: To read | T83: Core | U83: 3.5; 3.6 | V83: Added 2026-09-25 — verified via web search | W83: =IF(COUNTIF('Survey 2 Papers'!$D:$D,D83)>0,"Shared with S2","Unique") -> Unique
A84: Quantum Sensing & Metrology | B84: Wang, X., Kealy, A., Gilliam, C., Haine, S., Close, J., Moran, B., et al. | C84: 2021 | D84: Enhancing inertial navigation performance via fusion of classical and quantum accelerometers | E84: arXiv:2103.09378 | F84: Quantum/classical accelerometer fusion for INS | G84: Open Access (arXiv) | H84: https://arxiv.org/abs/2103.09378 | I84: ★★★★☆ | J84: Localisation & Navigation | K84: Quantum | L84: Survey | M84: High | N84: Simulation / analysis | O84: Needs vehicle-level trials | Q84: To read | T84: Core | U84: 3.5 | V84: Added 2026-09-25 — verified via web search | W84: =IF(COUNTIF('Survey 2 Papers'!$D:$D,D84)>0,"Shared with S2","Unique") -> Unique
A85: Quantum Sensing & Metrology | B85: Bongs, K., Holynski, M., Vovrosh, J., et al. | C85: 2019 | D85: Taking atom interferometric quantum sensors from the laboratory to real-world applications | E85: Nature Reviews Physics, 1, 731–739 | F85: Review of field-deployable atom-interferometric sensors | G85: Paywalled (Nature) | H85: DOI: 10.1038/s42254-019-0117-4 | I85: ★★★★☆ | J85: Localisation & Navigation | K85: Quantum | L85: Survey | M85: Medium | N85: Review | O85: SWaP & robustness for robots | Q85: To read | T85: Core | U85: 3.5 | V85: Added 2026-09-25 — from domain knowledge; confirm DOI before citing | W85: =IF(COUNTIF('Survey 2 Papers'!$D:$D,D85)>0,"Shared with S2","Unique") -> Unique
A86: Quantum Simulation (Materials) | B86: McArdle, S., Endo, S., Aspuru-Guzik, A., Benjamin, S.C., Yuan, X. | C86: 2020 | D86: Quantum computational chemistry | E86: Reviews of Modern Physics, 92, 015003 | F86: Core review for quantum simulation of molecules/materials (batteries, actuators, sensors) | G86: Open Access (arXiv:1808.10402) | H86: DOI: 10.1103/RevModPhys.92.015003 | I86: ★★★★☆ | J86: Foundations | K86: Quantum | L86: Survey | M86: Medium | N86: Review | O86: Indirect robotics link (materials design) | Q86: To read | T86: Core | U86: 3.8.5 | V86: Added 2026-09-25 — from domain knowledge; confirm DOI before citing | W86: =IF(COUNTIF('Survey 2 Papers'!$D:$D,D86)>0,"Shared with S2","Unique") -> Unique
A87: Quantum Simulation (Materials) | B87: Bauer, B., Bravyi, S., Motta, M., Chan, G.K.-L. | C87: 2020 | D87: Quantum algorithms for quantum chemistry and quantum materials science | E87: Chemical Reviews, 120(22), 12685–12717 | F87: Resource-aware review of quantum materials simulation | G87: Open Access (arXiv:2001.03685) | H87: DOI: 10.1021/acs.chemrev.9b00829 | I87: ★★★★☆ | J87: Foundations | K87: Quantum | L87: Survey | M87: Medium | N87: Review | O87: Fault tolerance needed for most targets | Q87: To read | T87: Core | U87: 3.8.5 | V87: Added 2026-09-25 — from domain knowledge; confirm DOI before citing | W87: =IF(COUNTIF('Survey 2 Papers'!$D:$D,D87)>0,"Shared with S2","Unique") -> Unique
A88: General Quantum Robotics | B88: Benioff, P. | C88: 1998 | D88: Quantum robots and environments | E88: Physical Review A, 58(2), 893 | F88: First 'quantum robot' concept — origin of the field | G88: Paywalled (APS); arXiv | H88: DOI: 10.1103/PhysRevA.58.893 | I88: ★★★★☆ | J88: Foundations | K88: Quantum | L88: Survey | M88: Medium | N88: Theoretical | O88: Conceptual only | Q88: To read | T88: Core | U88: 1.3 Era 2 | V88: Added 2026-09-25 — from domain knowledge; confirm DOI before citing | W88: =IF(COUNTIF('Survey 2 Papers'!$D:$D,D88)>0,"Shared with S2","Unique") -> Unique
A89: Quantum Computing Foundations | B89: Feynman, R.P. | C89: 1982 | D89: Simulating physics with computers | E89: International Journal of Theoretical Physics, 21(6–7), 467–488 | F89: Origin of the quantum-computer idea — anchors Era 1 | G89: Paywalled (Springer) | H89: DOI: 10.1007/BF02650179 | I89: ★★★★★ | J89: Foundations | K89: Quantum | L89: Survey | M89: Low | N89: Foundational / theoretical | O89: Historical; no robotics content | Q89: To read | T89: Core | U89: 1.3 Era 1 | V89: Added 2026-09-25 — verified via web search | W89: =IF(COUNTIF('Survey 2 Papers'!$D:$D,D89)>0,"Shared with S2","Unique") -> Unique
A90: Quantum Computing Foundations | B90: Deutsch, D. | C90: 1985 | D90: Quantum theory, the Church–Turing principle and the universal quantum computer | E90: Proceedings of the Royal Society A, 400(1818), 97–117 | F90: Defines the universal quantum computer — Era 1 | G90: Paywalled (Royal Society) | H90: DOI: 10.1098/rspa.1985.0070 | I90: ★★★★★ | J90: Foundations | K90: Quantum | L90: Survey | M90: Low | N90: Foundational / theoretical | O90: Historical; no robotics content | Q90: To read | T90: Core | U90: 1.3 Era 1 | V90: Added 2026-09-25 — from domain knowledge; confirm DOI before citing | W90: =IF(COUNTIF('Survey 2 Papers'!$D:$D,D90)>0,"Shared with S2","Unique") -> Unique
A91: Quantum Computing Foundations | B91: Deutsch, D., Jozsa, R. | C91: 1992 | D91: Rapid solution of problems by quantum computation | E91: Proceedings of the Royal Society A, 439(1907), 553–558 | F91: First exponential oracle separation — bridges Era 1 to Era 2 | G91: Paywalled (Royal Society) | H91: DOI: 10.1098/rspa.1992.0167 | I91: ★★★★☆ | J91: Foundations | K91: Quantum | L91: Survey | M91: Low | N91: Foundational / theoretical | O91: Oracle problem; no practical use | Q91: To read | T91: Core | U91: 1.3 Era 1 | V91: Added 2026-09-25 — from domain knowledge; confirm DOI before citing | W91: =IF(COUNTIF('Survey 2 Papers'!$D:$D,D91)>0,"Shared with S2","Unique") -> Unique
A92: Quantum Hardware & NISQ | B92: Johnson, M.W., Amin, M.H.S., Gildert, S., et al. (D-Wave) | C92: 2011 | D92: Quantum annealing with manufactured spins | E92: Nature, 473, 194–198 | F92: Early commercial annealing hardware — Era 3 and background for QUBO robot scheduling | G92: Paywalled (Nature) | H92: DOI: 10.1038/nature10012 | I92: ★★★★☆ | J92: Foundations | K92: Quantum | L92: Survey | M92: Medium | N92: Experimental | O92: Quantum speed-up of annealing still debated | Q92: To read | T92: Core | U92: 1.3 Era 3; 3.1 | V92: Added 2026-09-25 — from domain knowledge; confirm DOI before citing | W92: =IF(COUNTIF('Survey 2 Papers'!$D:$D,D92)>0,"Shared with S2","Unique") -> Unique
A93: Review Methodology | B93: Page, M.J., McKenzie, J.E., Bossuyt, P.M., et al. | C93: 2021 | D93: The PRISMA 2020 statement: an updated guideline for reporting systematic reviews | E93: BMJ, 372, n71 | F93: Reporting standard for the SLR — needed for §2 and Appendix B | G93: Open Access | H93: DOI: 10.1136/bmj.n71 | I93: ★★★★★ | J93: Methodology | K93: Methodology | L93: Survey | M93: Low | N93: Reporting guideline | O93: Designed for health research; adapt for engineering | Q93: To read | T93: Context | U93: 2.1; 2.3; App B | V93: Added 2026-09-25 — from domain knowledge; confirm DOI before citing | W93: =IF(COUNTIF('Survey 2 Papers'!$D:$D,D93)>0,"Shared with S2","Unique") -> Unique
A94: Review Methodology | B94: Kitchenham, B., Charters, S. | C94: 2007 | D94: Guidelines for performing systematic literature reviews in software engineering | E94: EBSE Technical Report EBSE-2007-01, Keele University & Durham University | F94: Standard SLR protocol for computing/engineering — search, selection and quality assessment | G94: Open Access | H94: EBSE-2007-01 | I94: ★★★★★ | J94: Methodology | K94: Methodology | L94: Survey | M94: Low | N94: Methodological guideline | O94: Quality rubric needs tailoring to quantum-robotics evidence | Q94: To read | T94: Context | U94: 2.1; 2.4; App C | V94: Added 2026-09-25 — from domain knowledge; confirm DOI before citing | W94: =IF(COUNTIF('Survey 2 Papers'!$D:$D,D94)>0,"Shared with S2","Unique") -> Unique
A95: General Quantum Robotics | B95: Clark, J., West, T., Zammit, J., Guo, X., Mason, L., Russell, D. | C95: 2019 | D95: Towards real time multi-robot routing using quantum computing technologies | E95: HPC Asia 2019 (ACM) | F95: Hybrid quantum annealing for real-time multi-robot routing — frames the real-time challenge | G95: Paywalled (ACM) | H95: DOI: 10.1145/3293320.3293333 | I95: ★★★★☆ | J95: Multi-Robot Coordination | K95: Quantum | L95: Survey | M95: High | N95: Algorithmic / experimental | O95: Real-time guarantees under cloud QPU access | Q95: To read | T95: Core | U95: 1.1; 4.1 F2 | V95: Added 2026-09-25 — verified via web search; confirm author list | W95: =IF(COUNTIF('Survey 2 Papers'!$D:$D,D95)>0,"Shared with S2","Unique") -> Unique
A96: Context: Classical Robotics | B96: Siciliano, B., Khatib, O. (eds.) | C96: 2016 | D96: Springer Handbook of Robotics (2nd ed.) | E96: Springer | F96: Canonical robotics reference — defines the perception/planning/control problems quantum must address | G96: Paywalled (book) | H96: DOI: 10.1007/978-3-319-32552-1 | I96: ★★★★☆ | J96: Foundations | K96: Classical baseline | L96: Survey | M96: Medium | N96: Classical reference | O96: Baseline only | Q96: To read | T96: Context | U96: 1.1 | V96: Added 2026-09-25 — from domain knowledge; confirm DOI before citing | W96: =IF(COUNTIF('Survey 2 Papers'!$D:$D,D96)>0,"Shared with S2","Unique") -> Unique
A97: Classical RL | B97: Kober, J., Bagnell, J.A., Peters, J. | C97: 2013 | D97: Reinforcement learning in robotics: a survey | E97: International Journal of Robotics Research, 32(11), 1238–1274 | F97: Classical robot-RL challenges (sample cost, real-time) — baseline for QRL | G97: Paywalled (SAGE) | H97: DOI: 10.1177/0278364913495721 | I97: ★★★★☆ | J97: Learning | K97: Classical baseline | L97: Survey | M97: Medium | N97: Review | O97: Classical baseline quantum RL must beat | Q97: To read | T97: Context | U97: 1.1; 3.3 classical baseline | V97: Added 2026-09-25 — from domain knowledge; confirm DOI before citing | W97: =IF(COUNTIF('Survey 2 Papers'!$D:$D,D97)>0,"Shared with S2","Unique") -> Unique
... A112: Quantum Simulation (Materials) | B112: Reiher, M., Wiebe, N., Svore, K.M., Wecker, D., Troyer, M. | C112: 2017 | D112: Elucidating reaction mechanisms on quantum computers | E112: PNAS, 114(29), 7555–7560 | F112: Landmark resource estimate (FeMoco) for useful quantum chemistry | G112: Open Access | H112: DOI: 10.1073/pnas.1619152114 | I112: ★★★★☆ | J112: Foundations | K112: Quantum | L112: Survey | M112: Low | N112: Theoretical / resource estimate | O112: Indirect robotics link; fault tolerance needed | Q112: To read | T112: Core | U112: 3.8.5 | V112: Added 2026-09-25 — verified via web search | W112: =IF(COUNTIF('Survey 2 Papers'!$D:$D,D112)>0,"Shared with S2","Unique") -> Unique
A113: Quantum Optimization | B113: Quang, et al. (incl. Ohzeki, M.) | C113: 2025 | D113: Quantum annealing-based route optimization for commercial AGV operating systems in large-scale logistics warehouses | E113: Scientific Reports, 15, 44047 | F113: D-Wave routing for large AGV fleets; clustering keeps problems <10,000 variables | G113: Open Access | H113: Verify DOI (Sci. Rep.) | I113: ★★★★★ | J113: Multi-Robot Coordination | K113: Quantum | L113: Survey 1 | M113: High | N113: Industrial case study | O113: 1,000-AGV result is simulated; no head-to-head win over classical at scale | P113: §4 | Q113: To read | R113: Largest-scale AGV annealing study to date — strengthens hardware evidence | S113: §4 | T113: Core | U113: 3.1 | V113: Added 2026-09-27 — found via web search; PDF NOT in folder; verify DOI/pages before citing | W113: =IF(COUNTIF('Survey 2 Papers'!$D:$D,D113)>0,"Shared with S2","Unique") -> Unique
A114: Quantum Optimization | B114: Śmierzchalski, T., et al. | C114: 2024 | D114: Hybrid quantum-classical computation for automatic guided vehicles scheduling | E114: Scientific Reports, 14, 21809 | F114: D-Wave Advantage hybrid solver on 21-AGV scheduling | G114: Open Access | H114: Verify DOI (Sci. Rep.) | I114: ★★★★★ | J114: Multi-Robot Coordination | K114: Quantum | L114: Survey 1 | M114: High | N114: Robot / hardware experiment | O114: CPLEX remains competitive | P114: §4 | Q114: To read | S114: §4 | T114: Core | U114: 3.1 | V114: Added 2026-09-27 — found via web search; PDF NOT in folder; verify DOI/pages before citing | W114: =IF(COUNTIF('Survey 2 Papers'!$D:$D,D114)>0,"Shared with S2","Unique") -> Unique
...

Sheet Survey 2 Papers
A1: Category | B1: Author | C1: Year | D1: Title | E1: Venue | F1: Relevance | G1: Status | H1: URL | I1: Importance | J1: Robotics Function | K1: Type | L1: Serves | M1: Gap Relevance | N1: Evidence Type | O1: Open Question / Limitation (for survey) | P1: Outline § | Q1: Read status | R1: Key takeaway / notes | S1: Final outline § | T1: Curation note | U1: In other survey?
A2: Quantum Machine Learning | B2: Biamonte, J., Wittek, P., Pancotti, N., et al. | C2: 2017 | D2: Quantum machine learning | E2: Nature, 549(7671) | F2: Comprehensive QML introduction; robotics applications mentioned | G2: Paywalled (Nature); Author PDF | H2: DOI: 10.1038/nature23474 | I2: ★★★★★ | J2: Learning | K2: Quantum | L2: Survey | M2: Low | N2: Theoretical / experimental | O2: Data encoding and genuine quantum advantage | P2: §5 | Q2: To read | S2: §23.3 | U2: =IF(COUNTIF('Survey 1 Papers'!$D:$D,D2)>0,"Shared with S1","Unique") -> Shared with S1
A3: Quantum Machine Learning | B3: Schuld, M., Killoran, N. | C3: 2019 | D3: Quantum machine learning in feature Hilbert spaces | E3: Physical Review Letters, 122(4) | F3: Quantum kernel methods for ML; applicable to robot perception | G3: Open Access | H3: https://arxiv.org/abs/1803.07128 | I3: ★★★★☆ | J3: Learning | K3: Quantum | L3: Survey | M3: Low | N3: Theoretical | O3: Does the feature-map advantage survive on noisy hardware? | P3: §5 | Q3: To read | S3: §8.1.2 | T3: Citation corrected (year/venue) | U3: =IF(COUNTIF('Survey 1 Papers'!$D:$D,D3)>0,"Shared with S1","Unique") -> Shared with S1
A4: General Quantum Robotics | B4: Dong, D., Chen, C., Li, H., Tarn, T.-J. | C4: 2012 | D4: Robust quantum-inspired reinforcement learning for robot navigation | E4: IEEE/ASME Transactions on Mechatronics, 17(1) | F4: Seminal quantum-inspired RL on real mobile robot; only existing quantum-robotics paper | G4: Paywalled (IEEE) | H4: DOI: 10.1109/TMECH.2010.2090896 | I4: ★★★★★ | J4: Cognition & Decision | K4: Quantum-inspired | L4: Both | M4: High | N4: Robot experiment | O4: Not actual quantum computing (quantum-inspired) | P4: §6 | Q4: To read | S4: §2.4.1; §10 | U4: =IF(COUNTIF('Survey 1 Papers'!$D:$D,D4)>0,"Shared with S1","Unique") -> Shared with S1
A5: General Quantum Robotics | B5: Preskill, J. | C5: 2018 | D5: Quantum computing in the NISQ era and beyond | E5: Quantum, 2 | F5: Defining paper on near-term quantum devices; realistic expectations for robotics | G5: Open Access | H5: DOI: 10.22331/q-2018-08-06-79 | I5: ★★★★★ | J5: Foundations | K5: Quantum | L5: Survey | M5: Low | N5: Foundational | O5: Robotics applications remain largely exploratory | P5: §3 | Q5: To read | S5: §20.2 | U5: =IF(COUNTIF('Survey 1 Papers'!$D:$D,D5)>0,"Shared with S1","Unique") -> Shared with S1
A6: General Quantum Robotics | B6: Tang, E. | C6: 2020 | D6: Quantum-inspired classical algorithm for recommendation systems | E6: ACM SIGACT Symposium on Theory of Computing | F6: Shows quantum advantage can be dequantized; critique of quantum-inspired claims | G6: Open Access (arXiv) | H6: https://arxiv.org/abs/1811.04271 | I6: ★★★★☆ | J6: Foundations | K6: Quantum-inspired | L6: Both | M6: Medium | N6: Theoretical | O6: Important for critically evaluating robotics quantum-advantage claims | P6: §8 | Q6: To read | S6: §14; §17.3 | U6: =IF(COUNTIF('Survey 1 Papers'!$D:$D,D6)>0,"Shared with S1","Unique") -> Shared with S1
A7: General Quantum Robotics | B7: Cerezo, M., Holmes, Z., Cincio, L., Coles, P.J. | C7: 2021 | D7: Cost function dependent barren plateaus in shallow parametrized quantum circuits | E7: Nature Communications, 12 | F7: Critical challenge for quantum ML on near-term devices | G7: Open Access | H7: DOI: 10.1038/s41467-021-21728-0 | I7: ★★★★☆ | J7: Learning | K7: Quantum | L7: Both | M7: Medium | N7: Theoretical | O7: Major barrier to scalable QML training | P7: §8 | Q7: To read | S7: §9.2.1 | T7: Title corrected | U7: =IF(COUNTIF('Survey 1 Papers'!$D:$D,D7)>0,"Shared with S1","Unique") -> Shared with S1
A8: Quantum Cognition (Foundations) | B8: Busemeyer, J.R., Bruza, P.D. | C8: 2012 | D8: Quantum Models of Cognition and Decision | E8: Cambridge University Press (2nd ed. 2024) | F8: Canonical text; Hilbert-space quantum-probability framework for judgment & decision — core theory for the cognition model | G8: Paywalled (book) | H8: DOI: 10.1017/CBO9780511997716 | I8: ★★★★★ | J8: Cognition & Decision | K8: Quantum-inspired | L8: Both | M8: High | N8: Theoretical (book) | O8: How to operationalise the QP framework inside an autonomous robot? | P8: §6 | Q8: To read | S8: §2.3.1; §5 | U8: =IF(COUNTIF('Survey 1 Papers'!$D:$D,D8)>0,"Shared with S1","Unique") -> Shared with S1
A9: Quantum Cognition (Foundations) | B9: Pothos, E.M., Busemeyer, J.R. | C9: 2013 | D9: Can quantum probability provide a new direction for cognitive modeling? | E9: Behavioral and Brain Sciences, 36(3) | F9: Field-defining target article; interference, order/context and superposition effects in cognition | G9: Paywalled (Cambridge) | H9: DOI: 10.1017/S0140525X12001525 | I9: ★★★★★ | J9: Cognition & Decision | K9: Quantum-inspired | L9: Both | M9: High | N9: Theoretical / review | O9: Evidence is human-behavioural; does it transfer to robot decision policies? | P9: §6 | Q9: To read | S9: §5.1; §5.6 | U9: =IF(COUNTIF('Survey 1 Papers'!$D:$D,D9)>0,"Shared with S1","Unique") -> Shared with S1
A10: Quantum Cognition (Foundations) | B10: Pothos, E.M., Busemeyer, J.R. | C10: 2022 | D10: Quantum cognition | E10: Annual Review of Psychology, 73 | F10: Most recent authoritative review of the field; position the survey against this | G10: Paywalled (Annual Reviews) | H10: Annu Rev Psychol 73:749-778 | I10: ★★★★★ | J10: Cognition & Decision | K10: Quantum-inspired | L10: Both | M10: High | N10: Review | O10: What does a newcomer add beyond this authoritative review? | P10: §6 | Q10: To read | S10: §13.1; §23.1 | U10: =IF(COUNTIF('Survey 1 Papers'!$D:$D,D10)>0,"Shared with S1","Unique") -> Shared with S1
A11: Quantum Cognition (Foundations) | B11: Bruza, P.D., Wang, Z., Busemeyer, J.R. | C11: 2015 | D11: Quantum cognition: a new theoretical approach to psychology | E11: Trends in Cognitive Sciences, 19(7) | F11: Compact, highly-cited review; good scaffold for the survey's cognition section | G11: Paywalled (Cell Press) | H11: Trends Cogn Sci 19(7):383-393 | I11: ★★★★☆ | J11: Cognition & Decision | K11: Quantum-inspired | L11: Survey | M11: Medium | N11: Review | O11: Compact overview; lacks robotics/agent instantiation | P11: §6 | Q11: To read | S11: §5.1 | U11: =IF(COUNTIF('Survey 1 Papers'!$D:$D,D11)>0,"Shared with S1","Unique") -> Unique
A12: Quantum Cognition (Foundations) | B12: Busemeyer, J.R., Pothos, E.M., Franco, R., Trueblood, J.S. | C12: 2011 | D12: A quantum theoretical explanation for probability judgment errors | E12: Psychological Review, 118(2) | F12: Conjunction/disjunction fallacies via quantum probability; canonical empirical model to emulate | G12: Paywalled (APA) | H12: Psychol Rev 118(2):193-218 | I12: ★★★★☆ | J12: Cognition & Decision | K12: Quantum-inspired | L12: Model | M12: Medium | N12: Empirical / model | O12: Judgment-error model — can it drive robot inference under uncertainty? | P12: §6 | Q12: To read | S12: §5.4 | U12: =IF(COUNTIF('Survey 1 Papers'!$D:$D,D12)>0,"Shared with S1","Unique") -> Unique
A13: Quantum Cognition (Foundations) | B13: Wang, Z., Busemeyer, J.R., Atmanspacher, H., Pothos, E.M. | C13: 2013 | D13: The potential of using quantum theory to build models of cognition | E13: Topics in Cognitive Science, 5(4) | F13: Roadmap for building quantum cognitive models — direct template for the model paper | G13: Open Access | H13: Top Cogn Sci 5(4):672-688 | I13: ★★★★☆ | J13: Cognition & Decision | K13: Quantum-inspired | L13: Both | M13: High | N13: Theoretical / roadmap | O13: Roadmap for humans; needs an agent/robot construction | P13: §6 | Q13: To read | S13: §5.2 | U13: =IF(COUNTIF('Survey 1 Papers'!$D:$D,D13)>0,"Shared with S1","Unique") -> Unique
A14: Quantum Cognition (Foundations) | B14: Aerts, D. | C14: 2009 | D14: Quantum structure in cognition | E14: Journal of Mathematical Psychology, 53(5) | F14: Concept combination and entanglement in cognition; alternative quantum formalism | G14: Open Access | H14: J Math Psychol 53(5):314-348 | I14: ★★★☆☆ | J14: Cognition & Decision | K14: Quantum-inspired | L14: Survey | M14: Low | N14: Theoretical | O14: Concept-combination formalism; unclear robotic mapping | P14: §6 | Q14: To read | S14: §2.2.1 | U14: =IF(COUNTIF('Survey 1 Papers'!$D:$D,D14)>0,"Shared with S1","Unique") -> Unique
A15: Quantum Cognition (Foundations) | B15: Khrennikov, A. | C15: 2010 | D15: Ubiquitous Quantum Structure: From Psychology to Finance | E15: Springer | F15: Broad quantum-like modelling reference; open-systems approach to decision | G15: Paywalled (book) | H15: Springer, ISBN 978-3-642-05101-2 | I15: ★★★☆☆ | J15: Cognition & Decision | K15: Quantum-inspired | L15: Survey | M15: Low | N15: Theoretical (book) | O15: Broad quantum-like modelling; robot decision use not demonstrated | P15: §6 | Q15: To read | S15: §2.2.2 | U15: =IF(COUNTIF('Survey 1 Papers'!$D:$D,D15)>0,"Shared with S1","Unique") -> Unique
A16: Quantum Cognition in Robotics | B16: Yan, F., Iliyasu, A.M., Li, N., Salama, A.S., Hirota, K. | C16: 2024 | D16: Quantum robotics: a review of emerging trends | E16: Quantum Machine Intelligence, 6(2) | F16: MOST RECENT survey of quantum robotics — the paper the survey must position itself against | G16: Open Access | H16: Quantum Mach Intell 6(2):86 | I16: ★★★★★ | J16: Foundations | K16: Quantum-inspired | L16: Survey | M16: High | N16: Survey | O16: Competing survey — must position & differentiate (computing+cognition scope) | P16: §1 | Q16: To read | S16: §23.2 | U16: =IF(COUNTIF('Survey 1 Papers'!$D:$D,D16)>0,"Shared with S1","Unique") -> Shared with S1
A17: Quantum Cognition in Robotics | B17: Widdows, D., Rani, J., Pothos, E.M. | C17: 2023 | D17: Quantum circuit components for cognitive decision-making | E17: Entropy, 25(4) | F17: Implements quantum-probability decision models as actual quantum circuits — direct precedent for the model paper | G17: Open Access | H17: Entropy 25(4):548 | I17: ★★★★★ | J17: Cognition & Decision | K17: Quantum | L17: Both | M17: High | N17: Experimental / algorithmic | O17: Circuits validated on cognition tasks, not yet on a robot | P17: §6 | Q17: To read | S17: §2.5; §20.3 | U17: =IF(COUNTIF('Survey 1 Papers'!$D:$D,D17)>0,"Shared with S1","Unique") -> Shared with S1
A18: Quantum Cognition in Robotics | B18: Yan, F., Iliyasu, A.M., Hirota, K. | C18: 2021 | D18: Conceptual framework for quantum affective computing and its use in fusion of multi-robot emotions | E18: Electronics, 10(2) | F18: Quantum model of robot affect/emotion; multi-robot cognitive fusion | G18: Open Access | H18: Electronics 10:100 | I18: ★★★★☆ | J18: Cognition & Decision | K18: Quantum-inspired | L18: Both | M18: High | N18: Theoretical / framework | O18: Conceptual framework; needs an implemented multi-robot demo | P18: §6 | Q18: To read | S18: §12.1 | U18: =IF(COUNTIF('Survey 1 Papers'!$D:$D,D18)>0,"Shared with S1","Unique") -> Shared with S1
A19: Quantum Cognition in Robotics | B19: QUADRI Project (ACM UMAP) | C19: 2025 | D19: Quantum-enhanced social robotics: the QUADRI project | E19: Adjunct Proc. ACM UMAP 2025 | F19: Very recent quantum-cognition-for-social-robots project; confirms a live research front | G19: Open Access | H19: DOI: 10.1145/3708319.3735545 | I19: ★★★★☆ | J19: Cognition & Decision | K19: Quantum | L19: Both | M19: High | N19: Project / experimental | O19: Early-stage; results and generality still emerging | P19: §6 | Q19: To read | S19: §2.5 | U19: =IF(COUNTIF('Survey 1 Papers'!$D:$D,D19)>0,"Shared with S1","Unique") -> Shared with S1
A20: Quantum Cognition in Robotics | B20: Author not specified (see DOI) | C20: 2025 | D20: A generative neuro-cognitive architecture using quantum algorithms for the autonomous behavior of a smart agent | E20: Computers, Materials & Continua | F20: Quantum cognitive architecture (Grover/Deutsch-Jozsa) for autonomous agent behaviour — recent bridge | G20: Open Access | H20: DOI: 10.32604/cmc.2025.065572 | I20: ★★★☆☆ | J20: Cognition & Decision | K20: Quantum | L20: Both | M20: Medium | N20: Experimental (simulation) | O20: Simulation only; authors to confirm; real-robot transfer open | P20: §6 | Q20: To read | S20: §2.5 | T20: Verify authors before citing | U20: =IF(COUNTIF('Survey 1 Papers'!$D:$D,D20)>0,"Shared with S1","Unique") -> Unique
A21: Quantum Cognition in Robotics | B21: Moreira, P.C. | C21: 2017 | D21: Quantum probabilistic graphical models for cognition and decision | E21: PhD Thesis, Universidade de Lisboa | F21: Quantum Bayesian networks for decision under uncertainty — method for robot belief/decision modelling | G21: Open Access | H21: Univ. de Lisboa | I21: ★★★☆☆ | J21: Cognition & Decision | K21: Quantum-inspired | L21: Both | M21: Medium | N21: Theoretical / model | O21: Quantum Bayesian nets for decision; robot deployment untested | P21: §6 | Q21: To read | S21: §7.3; §14.1 | U21: =IF(COUNTIF('Survey 1 Papers'!$D:$D,D21)>0,"Shared with S1","Unique") -> Unique
A22: Quantum ML, RL & Agents | B22: Dunjko, V., Briegel, H.J. | C22: 2018 | D22: Machine learning & artificial intelligence in the quantum domain: a review of recent progress | E22: Reports on Progress in Physics, 81(7) | F22: Definitive review of quantum ML/AI incl. learning agents — backbone of the bridge chapter | G22: Open Access (arXiv:1709.02779) | H22: DOI: 10.1088/1361-6633/aab406 | I22: ★★★★★ | J22: Learning | K22: Quantum | L22: Both | M22: High | N22: Review | O22: Broad QML/AI review; agent results not robot-validated | P22: §5 | Q22: To read | S22: §23.3 | U22: =IF(COUNTIF('Survey 1 Papers'!$D:$D,D22)>0,"Shared with S1","Unique") -> Shared with S1
A23: Quantum ML, RL & Agents | B23: Paparo, G.D., Dunjko, V., Makmal, A., Martin-Delgado, M.A., Briegel, H.J. | C23: 2014 | D23: Quantum speedup for active learning agents | E23: Physical Review X, 4(3) | F23: Quadratic quantum speedup for AI learning agents; foundational quantum-agent result | G23: Open Access | H23: DOI: 10.1103/PhysRevX.4.031002 | I23: ★★★★★ | J23: Learning | K23: Quantum | L23: Both | M23: High | N23: Theoretical | O23: Quadratic speedup proven abstractly; robotic realisation open | P23: §5 | Q23: To read | S23: §10.2.2 | U23: =IF(COUNTIF('Survey 1 Papers'!$D:$D,D23)>0,"Shared with S1","Unique") -> Shared with S1
A24: Quantum ML, RL & Agents | B24: Briegel, H.J., De las Cuevas, G. | C24: 2012 | D24: Projective simulation for artificial intelligence | E24: Scientific Reports, 2 | F24: Psychology- & physics-motivated agent decision model with a natural route to quantization — key cognition bridge | G24: Open Access | H24: DOI: 10.1038/srep00400 | I24: ★★★★★ | J24: Cognition & Decision | K24: Quantum-inspired | L24: Both | M24: High | N24: Theoretical / model | O24: Elegant agent model; quantum advantage & robot use still to establish | P24: §5, §6 | Q24: To read | S24: §7.1; §10 | U24: =IF(COUNTIF('Survey 1 Papers'!$D:$D,D24)>0,"Shared with S1","Unique") -> Shared with S1
A25: Quantum ML, RL & Agents | B25: Dong, D., Chen, C., Li, H., Tarn, T.J. | C25: 2008 | D25: Quantum reinforcement learning | E25: IEEE Trans. SMC, Part B, 38(5) | F25: The founding QRL paper (superposition-based value updating) — basis for quantum RL in robots | G25: Paywalled (IEEE) | H25: DOI: 10.1109/TSMCB.2008.925743 | I25: ★★★★☆ | J25: Learning | K25: Quantum-inspired | L25: Both | M25: High | N25: Algorithmic / theoretical | O25: Foundational QRL; convergence & real-robot scaling open | P25: §5 | Q25: To read | S25: §7.1; §10 | U25: =IF(COUNTIF('Survey 1 Papers'!$D:$D,D25)>0,"Shared with S1","Unique") -> Shared with S1
A26: Quantum ML, RL & Agents | B26: Heimann, D., Hohenfeld, H., Wiebe, F., Kirchner, F. | C26: 2022 | D26: Quantum deep reinforcement learning for robot navigation tasks | E26: arXiv:2202.12180 (IEEE Access 2024) | F26: Recent, directly on-point: quantum deep RL applied to robot navigation | G26: Open Access (arXiv) | H26: arXiv:2202.12180 | I26: ★★★★☆ | J26: Learning | K26: Quantum | L26: Both | M26: High | N26: Robot / simulation experiment | O26: Small NISQ policies; does advantage persist at scale? | P26: §5 | Q26: To read | S26: §16.3 | U26: =IF(COUNTIF('Survey 1 Papers'!$D:$D,D26)>0,"Shared with S1","Unique") -> Shared with S1
A27: General Quantum Robotics | B27: Dong, D., et al. (authors to confirm at DOI) | C27: 2006 | D27: Quantum robot: structure, algorithms and applications | E27: Robotica, 24(4) | F27: Early paper coining the 'quantum robot' concept and architecture | G27: Paywalled (Cambridge) | H27: DOI: 10.1017/S0263574705002596 | I27: ★★★☆☆ | J27: Foundations | K27: Quantum-inspired | L27: Survey | M27: Medium | N27: Theoretical / conceptual | O27: Early concept; little empirical follow-through | P27: §1 | Q27: To read | S27: §2.4 | U27: =IF(COUNTIF('Survey 1 Papers'!$D:$D,D27)>0,"Shared with S1","Unique") -> Shared with S1
A28: Quantum ML, RL & Agents | B28: Skolik, A., Jerbi, S., Dunjko, V. | C28: 2022 | D28: Quantum agents in the Gym: a variational quantum algorithm for deep Q-learning | E28: Quantum, 6 | F28: VQC-based deep Q-learning agents on Gym tasks — practical template for quantum RL policies | G28: Open Access | H28: DOI: 10.22331/q-2022-05-24-720 | I28: ★★★★★ | J28: Learning | K28: Quantum | L28: Both | M28: High | N28: Experimental / algorithmic | O28: Competitive with classical NNs only on simple benchmarks; scaling open | P28: §5 | Q28: To read | S28: §10.3 | U28: =IF(COUNTIF('Survey 1 Papers'!$D:$D,D28)>0,"Shared with S1","Unique") -> Shared with S1
A29: Quantum ML, RL & Agents | B29: Jerbi, S., Gyurik, C., Marshall, S.C., Briegel, H.J., Dunjko, V. | C29: 2021 | D29: Parametrized quantum policies for reinforcement learning | E29: NeurIPS, 34 | F29: Quantum policy-gradient RL with proven learning separations — theoretical backbone for quantum robot policies | G29: Open Access (arXiv:2103.05577) | H29: arXiv:2103.05577 (NeurIPS 2021) | I29: ★★★★☆ | J29: Learning | K29: Quantum | L29: Both | M29: High | N29: Theoretical / experimental | O29: Separations shown on constructed tasks; real-robot relevance to establish | P29: §5 | Q29: To read | S29: §10.2.2 | U29: =IF(COUNTIF('Survey 1 Papers'!$D:$D,D29)>0,"Shared with S1","Unique") -> Shared with S1
A30: Quantum Machine Learning | B30: Aaronson, S. | C30: 2015 | D30: Read the fine print | E30: Nature Physics, 11(4) | F30: Critical appraisal of QML speedup caveats (data loading, readout) | G30: Paywalled | I30: ★★★★☆ | J30: Foundations | K30: Quantum | L30: Both | M30: Medium | N30: Review / critique | O30: Tempers quantum-advantage claims | P30: §8 | Q30: To read | R30: Essential QML reality check | S30: §17.3 | U30: =IF(COUNTIF('Survey 1 Papers'!$D:$D,D30)>0,"Shared with S1","Unique") -> Shared with S1
A31: Quantum Cognition (Foundations) | B31: Wang, Z., Solloway, T., Shiffrin, R.M., Busemeyer, J.R. | C31: 2014 | D31: Question order effects reveal quantum nature | E31: PNAS, 111(26) | F31: Strongest large-scale empirical confirmation of QQ-equality across 70 surveys | G31: Open Access | I31: ★★★★★ | J31: Cognition & Decision | K31: Quantum-inspired | L31: Both | M31: High | N31: Empirical | O31: Human data; transfer to robot policies open | P31: §6 | Q31: To read | R31: Landmark order-effect confirmation | S31: §5.3 | U31: =IF(COUNTIF('Survey 1 Papers'!$D:$D,D31)>0,"Shared with S1","Unique") -> Unique
A32: Quantum Cognition (Foundations) | B32: Trueblood, J.S., Busemeyer, J.R. | C32: 2011 | D32: Quantum probability account of order effects | E32: Cognitive Science, 35(8) | F32: Quantum inference model for order/recency effects in inference | G32: Open Access | I32: ★★★★★ | J32: Cognition & Decision | K32: Quantum-inspired | L32: Both | M32: High | N32: Empirical / model | O32: Robot-decision instantiation open | P32: §6 | Q32: To read | R32: Order effects in inference | S32: §5.3 | U32: =IF(COUNTIF('Survey 1 Papers'!$D:$D,D32)>0,"Shared with S1","Unique") -> Unique
A33: Quantum Cognition (Foundations) | B33: Pothos, E.M., Busemeyer, J.R. | C33: 2009 | D33: Quantum probability explanation | E33: Proc Royal Soc B, 276(1665) | F33: Seminal quantum explanation for sure-thing-principle violations | G33: Open Access | I33: ★★★★★ | J33: Cognition & Decision | K33: Quantum-inspired | L33: Both | M33: High | N33: Empirical / model | O33: Robot decision-loop instantiation open | P33: §6 | Q33: To read | R33: Founding decision-fallacy result | S33: §5.5 | U33: =IF(COUNTIF('Survey 1 Papers'!$D:$D,D33)>0,"Shared with S1","Unique") -> Unique
A34: Quantum Cognition (Foundations) | B34: Aerts, D., Sozzo, S. | C34: 2011 | D34: Quantum structure: concepts are entangled | E34: Quantum Interaction 2011 | F34: Entanglement and Bell-inequality violation in concept combinations | G34: Open Access | I34: ★★★★☆ | J34: Cognition & Decision | K34: Quantum-inspired | L34: Both | M34: Medium | N34: Empirical / theoretical | O34: Concept formalism; robotic mapping unclear | P34: §6 | Q34: To read | R34: Entangled concepts | S34: §12.3 | U34: =IF(COUNTIF('Survey 1 Papers'!$D:$D,D34)>0,"Shared with S1","Unique") -> Unique
A35: Quantum Cognition (Foundations) | B35: Blutner, R., Pothos, E.M., Bruza, P. | C35: 2013 | D35: Quantum perspective on borderline vagueness | E35: Topics Cognitive Sci, 5(4) | F35: Quantum treatment of vagueness/ambiguity — on-theme for decision under ambiguity | G35: Paywalled | I35: ★★★★☆ | J35: Cognition & Decision | K35: Quantum-inspired | L35: Both | M35: Medium | N35: Theoretical | O35: No robotic instantiation | P35: §6 | Q35: To read | R35: Vagueness via quantum probability | S35: §8.2 | U35: =IF(COUNTIF('Survey 1 Papers'!$D:$D,D35)>0,"Shared with S1","Unique") -> Unique
A36: Quantum Cognition (Foundations) | B36: Trueblood, J.S., Hemmer, P. | C36: 2017 | D36: Generalized quantum episodic memory | E36: Cognitive Science, 41(8) | F36: Quantum model of memory interference and overdistribution | G36: Paywalled | I36: ★★★★☆ | J36: Cognition & Decision | K36: Quantum-inspired | L36: Both | M36: Medium | N36: Empirical / model | O36: Robot memory use untested | P36: §6 | Q36: To read | R36: Quantum episodic memory | S36: §6.2 | U36: =IF(COUNTIF('Survey 1 Papers'!$D:$D,D36)>0,"Shared with S1","Unique") -> Unique
A37: Quantum Cognition (Foundations) | B37: Khrennikov, A., Basieva, I., Dzhafarov, E.N., Busemeyer, J.R. | C37: 2014 | D37: Quantum models: response-replicability problem | E37: PLoS ONE, 9(10) | F37: Identifies response-replicability open problem — key caveat | G37: Open Access | I37: ★★★★☆ | J37: Cognition & Decision | K37: Quantum-inspired | L37: Both | M37: High | N37: Theoretical | O37: Open problem within the theory | P37: §8 | Q37: To read | R37: Response-replicability caveat | S37: §18.3 | U37: =IF(COUNTIF('Survey 1 Papers'!$D:$D,D37)>0,"Shared with S1","Unique") -> Unique
A38: Quantum Cognition (Foundations) | B38: Busemeyer, J.R., Wang, Z., Lambert-Mogiliansky, A. | C38: 2009 | D38: Markov vs quantum models | E38: J Mathematical Psychology, 53(5) | F38: Directly contrasts classical Markov vs quantum dynamics on decision data | G38: Paywalled | I38: ★★★★☆ | J38: Cognition & Decision | K38: Quantum-inspired | L38: Both | M38: Medium | N38: Empirical / comparison | O38: Which wins for robot inference? | P38: §6 | Q38: To read | R38: Markov vs quantum comparison | S38: §14.1 | U38: =IF(COUNTIF('Survey 1 Papers'!$D:$D,D38)>0,"Shared with S1","Unique") -> Unique
A39: Quantum Cognition (Foundations) | B39: Yearsley, J.M., Busemeyer, J.R. | C39: 2016 | D39: Quantum cognition: tutorial | E39: J Mathematical Psychology, 74 | F39: Pedagogical walkthrough of the linear-algebra machinery | G39: Paywalled | I39: ★★★★☆ | J39: Cognition & Decision | K39: Quantum-inspired | L39: Survey | M39: Medium | N39: Tutorial | O39: No agent construction | P39: §6 | Q39: To read | R39: Tutorial on QC machinery | S39: §3; §5.2 | U39: =IF(COUNTIF('Survey 1 Papers'!$D:$D,D39)>0,"Shared with S1","Unique") -> Unique
A40: Quantum Cognition (Foundations) | B40: Busemeyer, J.R., Townsend, J.T. | C40: 2006 | D40: Quantum dynamics of decision-making | E40: J Mathematical Psychology, 50(3) | F40: Introduces quantum-walk dynamics for decision processes and RTs | G40: Paywalled | I40: ★★★★☆ | J40: Cognition & Decision | K40: Quantum-inspired | L40: Both | M40: Medium | N40: Theoretical | O40: Robot deployment open | P40: §6 | Q40: To read | R40: Quantum-walk decision dynamics | S40: §2.3; §6.3 | U40: =IF(COUNTIF('Survey 1 Papers'!$D:$D,D40)>0,"Shared with S1","Unique") -> Unique
A41: Quantum Cognition (Foundations) | B41: Busemeyer, J.R., Kvam, P.D., Pleskac, T.J. | C41: 2019 | D41: Markov vs quantum dynamic models | E41: Scientific Reports, 9 | F41: Dynamic empirical test distinguishing quantum from Markov belief updating | G41: Open Access | I41: ★★★★☆ | J41: Cognition & Decision | K41: Quantum-inspired | L41: Both | M41: Medium | N41: Empirical | O41: Robot belief updating untested | P41: §6 | Q41: To read | R41: Dynamic belief-change test | S41: §14.1 | U41: =IF(COUNTIF('Survey 1 Papers'!$D:$D,D41)>0,"Shared with S1","Unique") -> Unique
... A52: Quantum ML, RL & Agents | B52: Chen, S.Y.-C., Yang, C.-H.H., Qi, J., et al. | C52: 2020 | D52: Variational quantum circuits for RL | E52: IEEE Access, 8 | F52: Foundational VQC-based deep Q-learning tested with hardware noise | G52: Open Access | I52: ★★★★☆ | J52: Learning | K52: Quantum | L52: Both | M52: High | N52: Experimental / algorithmic | O52: Simple benchmarks; scaling open | P52: §5 | Q52: To read | R52: VQC deep Q-learning template | S52: §10.2.2 | U52: =IF(COUNTIF('Survey 1 Papers'!$D:$D,D52)>0,"Shared with S1","Unique") -> Shared with S1
A53: Quantum Cognition (Foundations) | B53: Aerts, D., Gabora, L., Sozzo, S. | C53: 2013 | D53: Concepts and their dynamics: a quantum-theoretic modeling of human thought | E53: Topics in Cognitive Science, 5(4) | F53: Fock-space model of conceptual combination and emergent meaning | G53: Paywalled (Wiley) | H53: DOI: 10.1111/tops.12042 | I53: ★★★★☆ | J53: Cognition & Decision | K53: Quantum-inspired | L53: Both | M53: Medium | N53: Theoretical | O53: Robot instantiation open | P53: §6 | Q53: To read | R53: Fock-space concept dynamics | S53: §12.3 | U53: =IF(COUNTIF('Survey 1 Papers'!$D:$D,D53)>0,"Shared with S1","Unique") -> Unique
A54: Quantum Cognition (Foundations) | B54: Pothos, E.M., Busemeyer, J.R., Trueblood, J.S. | C54: 2013 | D54: A quantum geometric model of similarity | E54: Psychological Review, 120(3) | F54: Quantum account of asymmetric similarity judgments | G54: Paywalled (APA) | H54: DOI: 10.1037/a0033142 | I54: ★★★☆☆ | J54: Cognition & Decision | K54: Quantum-inspired | L54: Both | M54: Medium | N54: Empirical / model | O54: Similarity in robot perception untested | P54: §6 | Q54: To read | R54: Quantum similarity model | S54: §8.3 | U54: =IF(COUNTIF('Survey 1 Papers'!$D:$D,D54)>0,"Shared with S1","Unique") -> Unique
A55: Quantum Cognition (Foundations) | B55: Waddup, O.J., Yearsley, J.M., Blasiak, P., Pothos, E.M. | C55: 2021 | D55: Sequence effects and quantum models of constructive memory/judgment | E55: Journal of Mathematical Psychology | F55: Extends quantum interference to constructive memory over time | G55: Verify Details | I55: ★★★☆☆ | J55: Cognition & Decision | K55: Quantum-inspired | L55: Both | M55: Medium | N55: Empirical / model | O55: Verify title/venue; robot use open | P55: §6 | Q55: To read | R55: Constructive memory (verify) | S55: §6.2 | U55: =IF(COUNTIF('Survey 1 Papers'!$D:$D,D55)>0,"Shared with S1","Unique") -> Unique
A56: Quantum ML, RL & Agents | B56: Widdows, D., Aboumrad, W., et al. | C56: 2024 | D56: Quantum natural language processing | E56: KI - Künstliche Intelligenz | F56: Review of quantum encodings for embeddings, attention, grammar, uncertainty | G56: Paywalled (Springer); arXiv | H56: DOI: 10.1007/s13218-024-00861-w | I56: ★★★★☆ | J56: Multi-Robot Coordination | K56: Quantum | L56: Both | M56: Medium | N56: Review | O56: Robot language grounding open | P56: §5 | Q56: To read | R56: QNLP survey | S56: §8.3; §9.3 | U56: =IF(COUNTIF('Survey 1 Papers'!$D:$D,D56)>0,"Shared with S1","Unique") -> Unique
A57: Quantum ML, RL & Agents | B57: Yun, W.J., Park, J., et al. | C57: 2022 | D57: Quantum multi-agent reinforcement learning via variational quantum circuit design | E57: IEEE ICDCS 2022 | F57: Extends VQC-QRL to cooperative multi-agent settings (CTDE) | G57: Paywalled (IEEE); arXiv | H57: arXiv:2203.10443 | I57: ★★★★☆ | J57: Multi-Robot Coordination | K57: Quantum | L57: Both | M57: High | N57: Experimental / algorithmic | O57: Multi-robot hardware scale open | P57: §5 | Q57: To read | R57: Multi-agent QRL | S57: §12.2 | U57: =IF(COUNTIF('Survey 1 Papers'!$D:$D,D57)>0,"Shared with S1","Unique") -> Shared with S1
A58: Quantum Cognition in Robotics | B58: Lanza, D., Mastrogiovanni, F., Solinas, G., et al. | C58: 2021 | D58: Quantum-like cognitive architecture (TIAGo++ handover) | E58: IIT Genoa DIBRIS | F58: Your lab's prior work: quantum-like cognitive architecture demonstrated on a TIAGo++ handover task | G58: Verify Details | I58: ★★★★★ | J58: Cognition & Decision | K58: Quantum-inspired | L58: Both | M58: High | N58: Robot experiment | O58: Verify exact title/venue/year | P58: §6 | Q58: To read | R58: Direct research lineage for the model paper | S58: §2.5.1; §11 | T58: Verify full citation | U58: =IF(COUNTIF('Survey 1 Papers'!$D:$D,D58)>0,"Shared with S1","Unique") -> Unique
A59: Quantum Cognition in Robotics | B59: Lanza, D., Mastrogiovanni, F., Solinas, G. | C59: 2020 | D59: Quantum-inspired probability models (humanoid) | E59: IIT Genoa DIBRIS | F59: Your lab's prior work: quantum-inspired probability models on a humanoid platform | G59: Verify Details | I59: ★★★★★ | J59: Cognition & Decision | K59: Quantum-inspired | L59: Both | M59: High | N59: Robot experiment | O59: Verify exact title/venue/year | P59: §6 | Q59: To read | R59: Direct research lineage for the model paper | S59: §11 | T59: Verify full citation | U59: =IF(COUNTIF('Survey 1 Papers'!$D:$D,D59)>0,"Shared with S1","Unique") -> Unique
A60: Quantum Cognition in Robotics | B60: Mastrogiovanni, F., Lanza, D., et al. | C60: 2019 | D60: Embodied quantum-like cognition | E60: IIT Genoa DIBRIS | F60: Your lab's prior work: embodied quantum-like cognition on a robot platform | G60: Verify Details | I60: ★★★★★ | J60: Cognition & Decision | K60: Quantum-inspired | L60: Both | M60: High | N60: Robot experiment | O60: Verify exact title/venue/year | P60: §6 | Q60: To read | R60: Direct research lineage for the model paper | S60: §11.1 | T60: Verify full citation | U60: =IF(COUNTIF('Survey 1 Papers'!$D:$D,D60)>0,"Shared with S1","Unique") -> Unique
A61: Fault Detection | B61: Blanke, M., Kinnaert, M., Lunze, J., Staroswiecki, M. | C61: 2016 | D61: Diagnosis and Fault-Tolerant Control | E61: Springer | F61: Comprehensive fault detection/diagnosis methods; classical baselines | G61: To find | I61: ★★★★☆ | J61: Decision-Making | K61: Classical | L61: Survey 2 | M61: High | N61: Classical baseline | P61: §5,§9 | Q61: To read | R61: Priority 1 gap paper. Added from Missing Papers list. Serves: Survey 2 §5,§9. | S61: §15.1.1 baseline | U61: =IF(COUNTIF('Survey 1 Papers'!$D:$D,D61)>0,"Shared with S1","Unique") -> Unique
A62: Neuroscience | B62: Hameroff, S., Penrose, R. | C62: 2014 | D62: Consciousness in the Universe: A Review of the 'Orch OR' Theory (Brain as Quantum Computer) | E62: Phys. Life Rev. | F62: Debates biological quantum effects; necessary for honest assessment | G62: To find | I62: ★★★★☆ | J62: Cognition | K62: Quantum | L62: Survey 2 | M62: High | N62: Review / theoretical | P62: §13,§16 | Q62: To read | R62: Priority 1 gap paper. Added from Missing Papers list. Serves: Survey 2 §13,§16. | S62: §21.1 | T62: Cite critically (contested theory) | U62: =IF(COUNTIF('Survey 1 Papers'!$D:$D,D62)>0,"Shared with S1","Unique") -> Unique
A63: Classical Perception | B63: Krizhevsky, A., Sutskever, I., Hinton, G. | C63: 2012 | D63: ImageNet Classification with Deep CNNs (AlexNet) | E63: NeurIPS | F63: Foundation for comparing with quantum neural nets | G63: To find | I63: ★★★☆☆ | J63: Perception | K63: Classical | L63: Survey 1 | M63: Medium | N63: Classical baseline | P63: §5 | Q63: To read | R63: Priority 2 gap paper. Added from Missing Papers list. Serves: Survey 1 §5. | S63: §16.2.2 baseline | U63: =IF(COUNTIF('Survey 1 Papers'!$D:$D,D63)>0,"Shared with S1","Unique") -> Unique
A64: Sensor Fusion | B64: Haykin, S. | C64: 2001 | D64: Kalman Filtering and Neural Networks | E64: Wiley | F64: Classical sensor fusion + ML; comparison with quantum Kalman filters | G64: To find | I64: ★★★☆☆ | J64: Sensing | K64: Classical | L64: Survey 1,2 | M64: Medium | N64: Classical baseline | P64: §4,§6 | Q64: To read | R64: Priority 2 gap paper. Added from Missing Papers list. Serves: Survey 1,2 §4,§6. | S64: §16.1.2 baseline | U64: =IF(COUNTIF('Survey 1 Papers'!$D:$D,D64)>0,"Shared with S1","Unique") -> Unique
A65: Ethics & Safety | B65: Dreossi, T., et al. | C65: 2019 | D65: Safety Verification in Autonomous Systems: A Survey | E65: — | F65: How to verify robot decisions; safety concerns with quantum models | G65: To find | I65: ★★★☆☆ | J65: Safety & Verification | K65: Classical | L65: Survey 2 | M65: Medium | N65: Classical baseline | P65: §14 | Q65: To read | R65: Priority 2 gap paper. Added from Missing Papers list. Serves: Survey 2 §14. | S65: §19 | T65: Verify full citation | U65: =IF(COUNTIF('Survey 1 Papers'!$D:$D,D65)>0,"Shared with S1","Unique") -> Unique
A66: Ethics & Safety | B66: Calvaresi, D., et al. | C66: 2023 | D66: Responsible AI for Autonomous Systems | E66: — | F66: Ethical framework for quantum-cognitive agents | G66: To find | I66: ★★★☆☆ | J66: Safety & Verification | K66: Classical | L66: Survey 2 | M66: Medium | N66: Classical baseline | P66: §14 | Q66: To read | R66: Priority 2 gap paper. Added from Missing Papers list. Serves: Survey 2 §14. | S66: §19 | T66: Verify full citation | U66: =IF(COUNTIF('Survey 1 Papers'!$D:$D,D66)>0,"Shared with S1","Unique") -> Unique
A67: Classical RL | B67: Sutton, R., Barto, A. | C67: 2018 | D67: Reinforcement Learning: An Introduction (2nd ed.) | E67: MIT Press | F67: Foundational RL; classical baseline for quantum RL | G67: To find | I67: ★★☆☆☆ | J67: Learning | K67: Classical | L67: Survey 1,2 | M67: Low | N67: Classical baseline | P67: §5,§6 | Q67: To read | R67: Priority 3 gap paper. Added from Missing Papers list. Serves: Survey 1,2 §5,§6. | S67: §10.2.1 baseline | U67: =IF(COUNTIF('Survey 1 Papers'!$D:$D,D67)>0,"Shared with S1","Unique") -> Shared with S1
A68: Quantum Cognition (Foundations) | B68: Moreira, C., Wichert, A. | C68: 2016 | D68: Quantum-like Bayesian networks for modeling decision making | E68: Frontiers in Psychology, 7, 11 | F68: Replaces classical probabilities with amplitudes in Bayesian nets — direct alternative to classical belief nets / fusion | G68: Open Access | H68: DOI: 10.3389/fpsyg.2016.00011 | I68: ★★★★★ | J68: Cognition & Decision | K68: Quantum-inspired | L68: Both | M68: High | N68: Theoretical / model | O68: Interference parameter selection is heuristic | Q68: To read | S68: §7.3; §14.1; §16.1 | T68: Added 2026-09-25 — verified via web search | U68: =IF(COUNTIF('Survey 1 Papers'!$D:$D,D68)>0,"Shared with S1","Unique") -> Unique
A69: Quantum Cognition (Foundations) | B69: Moreira, C., Wichert, A. | C69: 2014 | D69: Interference effects in quantum belief networks | E69: Applied Soft Computing, 25, 64–85 | F69: Quantum belief networks with interference — algorithmic basis for robot inference | G69: Paywalled (Elsevier) | H69: Appl Soft Comput 25:64-85 | I69: ★★★★☆ | J69: Cognition & Decision | K69: Quantum-inspired | L69: Both | M69: High | N69: Algorithmic | O69: Scalability to large networks | Q69: To read | S69: §6.1; §7.3 | T69: Added 2026-09-25 — verified via web search | U69: =IF(COUNTIF('Survey 1 Papers'!$D:$D,D69)>0,"Shared with S1","Unique") -> Unique
A70: Quantum Cognition in Robotics | B70: Moreira, C., Fell, L., Dehdashti, S., Bruza, P., Wichert, A. | C70: 2020 | D70: Towards a quantum-like cognitive architecture for decision-making | E70: Behavioral and Brain Sciences, 43, e17 | F70: Proposes a quantum-like cognitive architecture — template for an agent/robot architecture | G70: Paywalled (Cambridge) | H70: BBS 43:e17 | I70: ★★★★★ | J70: Cognition & Decision | K70: Quantum-inspired | L70: Both | M70: High | N70: Theoretical / architecture | O70: Commentary-length; no robot implementation | Q70: To read | S70: §2.5; §11; §13.3 | T70: Added 2026-09-25 — verified via web search | U70: =IF(COUNTIF('Survey 1 Papers'!$D:$D,D70)>0,"Shared with S1","Unique") -> Unique
A71: Quantum Cognition in Robotics | B71: Humr, S., et al. | C71: 2025 | D71: A quantum probability approach to improving human–AI decision making | E71: Entropy, 27(2), 152 | F71: Applies quantum probability to human-in-the-loop AI decisions (order effects, uncertainty) | G71: Open Access | H71: DOI: 10.3390/e27020152 | I71: ★★★★☆ | J71: Cognition & Decision | K71: Quantum-inspired | L71: Both | M71: High | N71: Perspective | O71: Perspective paper; no experiment | Q71: To read | S71: §19.2; §13.3 | T71: Added 2026-09-25 — verified via web search | U71: =IF(COUNTIF('Survey 1 Papers'!$D:$D,D71)>0,"Shared with S1","Unique") -> Shared with S1
A72: Quantum Cognition (Foundations) | B72: Busemeyer, J.R., Zhang, Q., Balakrishnan, S.N., Wang, Z. | C72: 2020 | D72: Application of quantum–Markov open system models to human cognition and decision | E72: Entropy, 22(9), 990 | F72: Open-system (quantum + Markov) dynamics — bridges quantum and classical models | G72: Open Access | H72: DOI: 10.3390/e22090990 | I72: ★★★★☆ | J72: Cognition & Decision | K72: Quantum-inspired | L72: Both | M72: Medium | N72: Theoretical / model | O72: Parameter count grows quickly | Q72: To read | S72: §14.1; §18.1 | T72: Added 2026-09-25 — verified via web search | U72: =IF(COUNTIF('Survey 1 Papers'!$D:$D,D72)>0,"Shared with S1","Unique") -> Unique
A73: Quantum Cognition (Foundations) | B73: Kvam, P.D., Busemeyer, J.R., Pleskac, T.J. | C73: 2021 | D73: Temporal oscillations in preference strength provide evidence for an open system model of constructed preference | E73: Scientific Reports, 11 | F73: Empirical evidence for oscillating preferences predicted by quantum/open-system models | G73: Open Access | H73: Sci Rep 11 (2021) | I73: ★★★★☆ | J73: Cognition & Decision | K73: Quantum-inspired | L73: Both | M73: Medium | N73: Empirical | O73: Human data; agent transfer open | Q73: To read | S73: §5.6 | T73: Added 2026-09-25 — verified via web search | U73: =IF(COUNTIF('Survey 1 Papers'!$D:$D,D73)>0,"Shared with S1","Unique") -> Unique
A74: Quantum Cognition (Foundations) | B74: Wang, Z., Busemeyer, J.R. | C74: 2013 | D74: A quantum question order model supported by empirical tests of an a priori and precise prediction | E74: Topics in Cognitive Science, 5(4), 689–710 | F74: Derives and tests the QQ-equality — core evidence for order effects | G74: Paywalled (Wiley) | H74: DOI: 10.1111/tops.12040 | I74: ★★★★★ | J74: Cognition & Decision | K74: Quantum-inspired | L74: Both | M74: High | N74: Empirical / model | O74: Human survey data | Q74: To read | S74: §5.3 | T74: Added 2026-09-25 — verified via web search | U74: =IF(COUNTIF('Survey 1 Papers'!$D:$D,D74)>0,"Shared with S1","Unique") -> Unique
A75: Quantum Cognition (Foundations) | B75: Yukalov, V.I., Sornette, D. | C75: 2011 | D75: Decision theory with prospect interference and entanglement | E75: Theory and Decision, 70, 283–328 | F75: Quantum Decision Theory (QDT) — main alternative framework to Busemeyer's | G75: Paywalled (Springer) | H75: Theory Decis 70:283-328 | I75: ★★★★☆ | J75: Cognition & Decision | K75: Quantum-inspired | L75: Survey | M75: Medium | N75: Theoretical | O75: Competing formalism; compare in §13 | Q75: To read | S75: §13.2 | T75: Added 2026-09-25 — verified via web search | U75: =IF(COUNTIF('Survey 1 Papers'!$D:$D,D75)>0,"Shared with S1","Unique") -> Unique
A76: Quantum Cognition (Foundations) | B76: Ashtiani, M., Azgomi, M.A. | C76: 2015 | D76: A survey of quantum-like approaches to decision making and cognition | E76: Mathematical Social Sciences, 75, 49–80 | F76: Prior survey of quantum-like decision models — must position against | G76: Paywalled (Elsevier) | H76: Math Soc Sci 75:49-80 | I76: ★★★★☆ | J76: Cognition & Decision | K76: Quantum-inspired | L76: Survey | M76: High | N76: Survey | O76: Pre-2015; no AI/robotics coverage | Q76: To read | S76: §23.1 | T76: Added 2026-09-25 — verified via web search | U76: =IF(COUNTIF('Survey 1 Papers'!$D:$D,D76)>0,"Shared with S1","Unique") -> Unique
A77: Quantum Cognition (Foundations) | B77: Martínez-Martínez, I., Sánchez-Burillo, E. | C77: 2016 | D77: Quantum stochastic walks on networks for decision-making | E77: Scientific Reports, 6 | F77: Quantum stochastic walks for decisions on networks — basis for multi-agent/network decisions | G77: Open Access | H77: Sci Rep 6 (2016) | I77: ★★★☆☆ | J77: Multi-Robot Coordination | K77: Quantum-inspired | L77: Both | M77: Medium | N77: Theoretical / model | O77: Not applied to robots | Q77: To read | S77: §12.2 | T77: Added 2026-09-25 — verified via web search | U77: =IF(COUNTIF('Survey 1 Papers'!$D:$D,D77)>0,"Shared with S1","Unique") -> Unique
A78: Quantum Cognition (Foundations) | B78: Boyer-Kassem, T., Duchêne, S., Guerci, E. | C78: 2016 | D78: Quantum-like models cannot account for the conjunction fallacy | E78: Theory and Decision, 81(4), 479–510 | F78: Key critique — essential for the honest limitations section | G78: Paywalled (Springer) | H78: Theory Decis 81(4):479-510 | I78: ★★★★★ | J78: Cognition & Decision | K78: Quantum-inspired | L78: Survey | M78: High | N78: Empirical / critique | O78: Challenges §5.4 claims | Q78: To read | S78: §17.1; §14 | T78: Added 2026-09-25 — verified via web search | U78: =IF(COUNTIF('Survey 1 Papers'!$D:$D,D78)>0,"Shared with S1","Unique") -> Unique
A79: Quantum Cognition (Foundations) | B79: Aerts, D., Arguëlles, J.A., Beltran, L., et al. | C79: 2017 | D79: Testing quantum models of conjunction fallacy on the World Wide Web | E79: International Journal of Theoretical Physics (2017); arXiv:1609.07721 | F79: Compares order-effect vs emergence explanations of the conjunction fallacy | G79: Open Access (arXiv) | H79: https://arxiv.org/abs/1609.07721 | I79: ★★★☆☆ | J79: Cognition & Decision | K79: Quantum-inspired | L79: Survey | M79: Medium | N79: Empirical | O79: Web data as proxy for cognition | Q79: To read | S79: §5.4 | T79: Added 2026-09-25 — verified via web search | U79: =IF(COUNTIF('Survey 1 Papers'!$D:$D,D79)>0,"Shared with S1","Unique") -> Unique
... A103: General Quantum Robotics | B103: Petschnigg, C., Brandstötter, M., Pichler, H., Hofbaur, M., Dieber, B. | C103: 2019 | D103: Quantum computation in robotic science and applications | E103: ICRA 2019, pp. 803–810 | F103: Quantum-robotics position paper — related-surveys section | G103: Paywalled (IEEE) | H103: DOI: 10.1109/ICRA.2019.8793768 | I103: ★★★★☆ | J103: Foundations | K103: Quantum | L103: Survey | M103: High | N103: Robotics review | O103: No cognition coverage | Q103: To read | S103: §23.2 | T103: Added 2026-09-25 — verified via web search | U103: =IF(COUNTIF('Survey 1 Papers'!$D:$D,D103)>0,"Shared with S1","Unique") -> Shared with S1
A104: Quantum Cognition in Robotics | B104: Lukac & Perkowski | C104: 2007 | D104: Quantum mechanical model of emotional robot behaviors | E104: IEEE ISMVL 2007 | F104: Early quantum-mechanical model of robot emotional behaviour | G104: Paywalled (IEEE) | I104: ★★★★☆ | J104: Cognition & Decision | K104: Quantum-inspired | L104: Both | M104: High | N104: Theoretical / simulation | O104: Emotion states modelled but not validated on physical robot decisions | P104: §5 | Q104: To read | T104: Added 2026-09-27 — user-verified list (write-ups Appendix D); confirm DOI before citing | U104: =IF(COUNTIF('Survey 1 Papers'!$D:$D,D104)>0,"Shared with S1","Unique") -> Unique
A105: Quantum Cognition in Robotics | B105: Hangl et al. | C105: 2016 | D105: Robotic playing for hierarchical complex skill learning | E105: IROS 2016 | F105: Projective-simulation-based robot skill learning through autonomous play | G105: Paywalled (IEEE) | I105: ★★★★☆ | J105: Learning | K105: Quantum-inspired | L105: Both | M105: High | N105: Robot experiment | O105: Scalability of PS skill hierarchies to open-ended tasks | P105: §6 | Q105: To read | T105: Added 2026-09-27 — user-verified list (write-ups Appendix D); confirm DOI before citing | U105: =IF(COUNTIF('Survey 1 Papers'!$D:$D,D105)>0,"Shared with S1","Unique") -> Unique
A106: Quantum Cognition in Robotics | B106: Yan et al. | C106: 2019 | D106: Quantum structure for modelling emotion space of robots | E106: Applied Sciences, 9(16) | F106: Quantum state-space representation of robot emotion space | G106: Open Access | I106: ★★★★☆ | J106: Cognition & Decision | K106: Quantum-inspired | L106: Both | M106: High | N106: Theoretical / simulation | O106: Mapping emotion states to decisions untested | P106: §5 | Q106: To read | T106: Added 2026-09-27 — user-verified list (write-ups Appendix D); confirm DOI before citing | U106: =IF(COUNTIF('Survey 1 Papers'!$D:$D,D106)>0,"Shared with S1","Unique") -> Unique
A107: Quantum Cognition in Robotics | B107: Hangl et al. | C107: 2020 | D107: Skill learning by autonomous robotic playing using active learning and exploratory behavior composition | E107: Frontiers in Robotics and AI, 7 | F107: Real-robot skill learning with PS agents, active learning and behaviour composition — key embodied precedent | G107: Open Access | I107: ★★★★★ | J107: Learning | K107: Quantum-inspired | L107: Both | M107: High | N107: Robot experiment | O107: Quantum advantage not claimed; classical PS runs the robot | P107: §6 | Q107: To read | R107: READ FIRST (robotics angle) | T107: Added 2026-09-27 — user-verified list (write-ups Appendix D); confirm DOI before citing | U107: =IF(COUNTIF('Survey 1 Papers'!$D:$D,D107)>0,"Shared with S1","Unique") -> Unique
A108: Quantum Cognition in Robotics | B108: Yan, Iliyasu & Hirota | C108: 2021 | D108: Emotion space modelling for social robots | E108: Engineering Applications of AI, 100 | F108: Quantum-inspired emotion space for social robots | G108: Paywalled (Elsevier) | I108: ★★★★☆ | J108: Cognition & Decision | K108: Quantum-inspired | L108: Both | M108: High | N108: Theoretical / simulation | O108: User-study validation limited | P108: §5 | Q108: To read | T108: Added 2026-09-27 — user-verified list (write-ups Appendix D); confirm DOI before citing | U108: =IF(COUNTIF('Survey 1 Papers'!$D:$D,D108)>0,"Shared with S1","Unique") -> Unique
A109: Quantum Cognition in Robotics | B109: Yan et al. | C109: 2021 | D109: Emotion generation and transition of companion robots based on Plutchik's model and quantum circuit schemes | E109: Security and Communication Networks | F109: Quantum-circuit implementation of robot emotion generation/transition | G109: Open Access | I109: ★★★☆☆ | J109: Cognition & Decision | K109: Quantum | L109: Both | M109: High | N109: Circuit simulation | O109: Why quantum circuits rather than classical Markov transitions? | P109: §5, §15 | Q109: To read | T109: Added 2026-09-27 — user-verified list (write-ups Appendix D); confirm DOI before citing | U109: =IF(COUNTIF('Survey 1 Papers'!$D:$D,D109)>0,"Shared with S1","Unique") -> Unique
A110: Quantum Cognition in Robotics | B110: Ho & Hoorn | C110: 2022 | D110: Quantum affective processes for multidimensional decision-making | E110: Scientific Reports, 12 | F110: Quantum affective decision model for multidimensional choices — directly relevant to robot/agent affect-driven decisions | G110: Open Access | I110: ★★★★★ | J110: Cognition & Decision | K110: Quantum-inspired | L110: Both | M110: High | N110: Theoretical / simulation | O110: Needs embodied validation | P110: §5 | Q110: To read | R110: READ FIRST (robotics angle) | T110: Added 2026-09-27 — user-verified list (write-ups Appendix D); confirm DOI before citing | U110: =IF(COUNTIF('Survey 1 Papers'!$D:$D,D110)>0,"Shared with S1","Unique") -> Unique
A111: Quantum Cognition in Robotics | B111: Song et al. | C111: 2022 | D111: Research on quantum cognition in autonomous driving | E111: Scientific Reports, 12 | F111: Applies quantum cognition to autonomous-driving decisions — closest application analogue to robot decision-making | G111: Open Access | I111: ★★★★★ | J111: Cognition & Decision | K111: Quantum-inspired | L111: Both | M111: High | N111: Simulation | O111: Benchmarks against classical planners limited | P111: §5, §11 | Q111: To read | R111: READ FIRST (robotics angle) | T111: Added 2026-09-27 — user-verified list (write-ups Appendix D); confirm DOI before citing | U111: =IF(COUNTIF('Survey 1 Papers'!$D:$D,D111)>0,"Shared with S1","Unique") -> Unique
A112: Quantum Cognition in Robotics | B112: Mannone et al. | C112: 2024 | D112: Modeling robotic thinking and creativity: a classic–quantum dialogue | E112: Mathematics, 12(5) | F112: Classic vs quantum framing of robot thinking and creativity | G112: Open Access | I112: ★★★★☆ | J112: Cognition & Decision | K112: Quantum | L112: Both | M112: High | N112: Theoretical | O112: Largely conceptual | P112: §5, §8 | Q112: To read | T112: Added 2026-09-27 — user-verified list (write-ups Appendix D); confirm DOI before citing | U112: =IF(COUNTIF('Survey 1 Papers'!$D:$D,D112)>0,"Shared with S1","Unique") -> Unique
A113: Quantum Cognition in Robotics | B113: Chella et al. | C113: 2026 | D113: An architecture for a quantum teleo-reactive robot | E113: Entropy, 28(7) | F113: Quantum teleo-reactive robot architecture — very recent robotics architecture precedent | G113: Open Access | I113: ★★★★☆ | J113: Cognition & Decision | K113: Quantum | L113: Both | M113: High | N113: Architecture / simulation | O113: Hardware feasibility and real-time constraints | P113: §8, §15 | Q113: To read | T113: Added 2026-09-27 — user-verified list (write-ups Appendix D); confirm DOI before citing | U113: =IF(COUNTIF('Survey 1 Papers'!$D:$D,D113)>0,"Shared with S1","Unique") -> Unique
A114: Human–AI Trust | B114: Ashtiani & Azgomi | C114: 2019 | D114: A novel trust evolution algorithm based on a quantum-like model of computational trust | E114: Cognition, Technology & Work, 21 | F114: Quantum-like computational trust evolution | G114: Paywalled (Springer) | I114: ★★★★☆ | J114: Cognition & Decision | K114: Quantum-inspired | L114: Both | M114: High | N114: Theoretical / simulation | O114: Validation against human trust data | P114: §5, §14 | Q114: To read | T114: Added 2026-09-27 — user-verified list (write-ups Appendix D); confirm DOI before citing | U114: =IF(COUNTIF('Survey 1 Papers'!$D:$D,D114)>0,"Shared with S1","Unique") -> Unique
