Workbook

Sheet How to use
A1: Survey 2 method workbook: search log, screening, PRISMA counts, inter-rater agreement
A3: Yellow cells are for you to fill in. Grey/blue cells are calculated automatically.
A4: 1. Search_Log: run each database search once, on one day, and record the exact string, filters, date and number of hits. Export the results (RIS/CSV).
A5: 2. Records: paste every exported record (one row each). Mark duplicates in 'Duplicate of'.
A6: 3. Records: both authors screen title/abstract independently (TA_R1, TA_R2: Include / Exclude / Unsure). Resolve disagreements in TA_Final.
A7: 4. Records: full-text check for every TA_Final = Include: FT_Final = Include / Exclude, with the reason (E1-E4).
A8: 5. Records: studies found by reference chasing or targeted search: Source = 'Other method'.
A9: 6. PRISMA_Counts fills itself: copy its numbers into main.tex Section 2.4 and supplement Table S2 / Figure S1.
A10: 7. Grading_Check: the second author grades the 20 listed studies blind (do not look at column C). Kappa is computed at the bottom.
A11: 8. Screening kappa is computed on Kappa_Screening from TA_R1 and TA_R2.
A12: Text to put in Section 2.5 once done: 'Both authors screened titles and abstracts independently (Cohen's kappa = X); disagreements were resolved by discussion. Y.G. extracted the data and graded all studies; D.K.S.C. independently graded a random sample of 20 studies (kappa = Z) ...'

Sheet Search_Log
A1: Database | B1: Date searched (YYYY-MM-DD) | C1: Exact search string as entered | D1: Fields / filters (years, language, doc type) | E1: Hits | F1: Export file name | G1: Notes
A2: Google Scholar
A3: Semantic Scholar
A4: arXiv
A5: PubMed
A6: Publisher sites (Springer, Elsevier, Frontiers, MDPI, IEEE, ACM, Royal Society)
A7: Citation chasing (Pothos 2022; Huang 2025; Widdows 2021; Meyer 2022)
A8: Targeted search, 4 Oct 2026 (17 queries; see targeted_search_record.md)
A14: TOTAL database hits | E14: =SUM(E2:E9)
A15: TOTAL other-method hits | E15: =SUM(E10:E13)

Sheet Records
A1: ID | B1: Title | C1: First author | D1: Year | E1: DOI / arXiv | F1: Source (Database / Other method) | G1: Database | H1: Duplicate of (ID) | I1: TA_R1 | J1: TA_R2 | K1: TA_Final | L1: FT_Final | M1: Exclusion reason (E1-E6) | N1: Application / Theory-evidence / Review / Background | O1: Notes
A2: =IF(B2="","",ROW()-1)
A3: =IF(B3="","",ROW()-1)
A4: =IF(B4="","",ROW()-1)
A5: =IF(B5="","",ROW()-1)
A6: =IF(B6="","",ROW()-1)
A7: =IF(B7="","",ROW()-1)
A8: =IF(B8="","",ROW()-1)
A9: =IF(B9="","",ROW()-1)
A10: =IF(B10="","",ROW()-1)
A11: =IF(B11="","",ROW()-1)
A12: =IF(B12="","",ROW()-1)
A13: =IF(B13="","",ROW()-1)
... A2000: =IF(B2000="","",ROW()-1)

Sheet PRISMA_Counts
A1: PRISMA 2020 box | B1: Count
A2: Records identified from databases | B2: =COUNTIF(Records!F:F,"Database")
A3: Records identified by other methods (reference chasing, targeted search) | B3: =COUNTIF(Records!F:F,"Other method")
A4: Duplicates removed | B4: =SUMPRODUCT((LEN(Records!H2:H5000)>0)*(Records!F2:F5000="Database"))
A5: Records screened (title/abstract) | B5: =B2-B4
A6: Records excluded at title/abstract | B6: =COUNTIFS(Records!K:K,"Exclude",Records!H:H,"")
A7: Full texts sought | B7: =COUNTIFS(Records!K:K,"Include",Records!H:H,"")
A8: Full texts not retrieved | B8: =COUNTIFS(Records!M:M,"No full text")
A9: Full texts assessed | B9: =COUNTIFS(Records!K:K,"Include",Records!H:H,"")-B8
A10: Excluded at full text: E1 not quantum | B10: =COUNTIFS(Records!L:L,"Exclude",Records!M:M,"E1 not quantum")
A11: Excluded at full text: E2 not English | B11: =COUNTIFS(Records!L:L,"Exclude",Records!M:M,"E2 not English")
A12: Excluded at full text: E3 duplicate/earlier version | B12: =COUNTIFS(Records!L:L,"Exclude",Records!M:M,"E3 duplicate/earlier version")
A13: Excluded at full text: E4 quantum brain without cognitive model | B13: =COUNTIFS(Records!L:L,"Exclude",Records!M:M,"E4 quantum brain without cognitive model")
A14: Excluded at full text: other | B14: =COUNTIFS(Records!L:L,"Exclude",Records!M:M,"Other")
A15: Primary studies included (should be 72) | B15: =COUNTIFS(Records!L:L,"Include",Records!N:N,"Primary")
A16: Foundational works (should be 106) | B16: =COUNTIFS(Records!L:L,"Include",Records!N:N,"Foundational")
A17: Related quantum computer-vision studies (should be 6) | B17: =COUNTIFS(Records!L:L,"Include",Records!N:N,"CV-related")
A18: Excluded at full text: E5 quantum accelerator only (companion survey) | B18: =COUNTIFS(Records!L:L,"Exclude",Records!M:M,"E5 quantum accelerator only (companion survey)")
A19: Excluded at full text: E6 not published (e.g. web page) | B19: =COUNTIFS(Records!L:L,"Exclude",Records!M:M,"E6 not published (e.g. web page)")

Sheet Kappa_Screening
A1: Title/abstract screening agreement | B1: Value
A2: Both Include | B2: =COUNTIFS(Records!I:I,"Include",Records!J:J,"Include")
A3: Both Exclude | B3: =COUNTIFS(Records!I:I,"Exclude",Records!J:J,"Exclude")
A4: R1 Include, R2 Exclude | B4: =COUNTIFS(Records!I:I,"Include",Records!J:J,"Exclude")
A5: R1 Exclude, R2 Include | B5: =COUNTIFS(Records!I:I,"Exclude",Records!J:J,"Include")
A6: N (Unsure excluded) | B6: =SUM(B2:B5)
A7: Observed agreement Po | B7: =IF(B6=0,"",(B2+B3)/B6)
A8: Chance agreement Pe | B8: =IF(B6=0,"",((B2+B4)*(B2+B5)+(B3+B5)*(B3+B4))/B6^2)
A9: Cohen's kappa | B9: =IF(B6=0,"",(B7-B8)/(1-B8))
A11: Interpretation (Landis & Koch): 0.61-0.80 substantial, >0.80 almost perfect. Report Po and kappa.

Sheet Grading_Check
A1: Study | B1: Evidence level (author 1, hidden from author 2) | C1: Evidence level (author 2, blind) | D1: Agree? | E1: Q2 author 1 | F1: Q2 author 2 | G1: Q3 author 1 | H1: Q3 author 2
A2: Li et al. (2021) | B2: E4 | D2: =IF(C2="","",IF(C2=B2,1,0)) | E2: M | G2: M
A3: Song et al. (2022) | B3: E4 | D3: =IF(C3="","",IF(C3=B3,1,0)) | E3: M | G3: M
A4: Hoorn and Ho (2019) | B4: E2 | D4: =IF(C4="","",IF(C4=B4,1,0)) | E4: N | G4: N
A5: Zhang et al. (2018) | B5: E4 | D5: =IF(C5="","",IF(C5=B5,1,0)) | E5: M | G5: M
A6: Ashtiani and Abdollahi Azgomi (2019) | B6: E4 | D6: =IF(C6="","",IF(C6=B6,1,0)) | E6: M | G6: P
A7: Li et al. (2019) | B7: E4 | D7: =IF(C7="","",IF(C7=B7,1,0)) | E7: M | G7: M
A8: Pushparaj et al. (2021) | B8: E3 | D8: =IF(C8="","",IF(C8=B8,1,0)) | E8: N | G8: M
A9: Yan et al. (2021) | B9: E2 | D9: =IF(C9="","",IF(C9=B9,1,0)) | E9: N | G9: N
A10: Ho and Hoorn (2022) | B10: E2 | D10: =IF(C10="","",IF(C10=B10,1,0)) | E10: P | G10: N
A11: Lanza et al. (2020) | B11: E2 | D11: =IF(C11="","",IF(C11=B11,1,0)) | E11: N | G11: P
A12: Dong et al. (2012) | B12: E5 | D12: =IF(C12="","",IF(C12=B12,1,0)) | E12: P | G12: M
A13: Yan et al. (2021) | B13: E2 | D13: =IF(C13="","",IF(C13=B13,1,0)) | E13: N | G13: N
... A16: Yukalov et al. (2018) | B16: E2 | D16: =IF(C16="","",IF(C16=B16,1,0)) | E16: P | G16: P
A17: Lawless (2020) | B17: E1 | D17: =IF(C17="","",IF(C17=B17,1,0))
A18: Yukalov et al. (2022) | B18: E2 | D18: =IF(C18="","",IF(C18=B18,1,0)) | E18: N | G18: N
A19: Aerts et al. (2011) | B19: E1 | D19: =IF(C19="","",IF(C19=B19,1,0))
A20: Lopez-Incera et al. (2020) | B20: E4 | D20: =IF(C20="","",IF(C20=B20,1,0)) | E20: N | G20: P
A21: Lanza et al. (2021) | B21: E2 | D21: =IF(C21="","",IF(C21=B21,1,0)) | E21: N | G21: P
A23: Observed agreement Po | B23: =IF(COUNT(D2:D21)=0,"",AVERAGE(D2:D21))
A24: Chance agreement Pe | B24: =IF(COUNT(D2:D21)=0,"",((COUNTIF(B2:B21,"E1")*COUNTIF(C2:C21,"E1"))+(COUNTIF(B2:B21,"E2")*COUNTIF(C2:C21,"E2"))+(COUNTIF(B2:B21,"E3")*COUNTIF(C2:C21,"E3"))+(COUNTIF(B2:B21,"E4")*COUNTIF(C2:C21,"E4"))+(COUNTIF(B2:B21,"E5")*COUNTIF(C2:C21,"E5"))+(COUNTIF(B2:B21,"E6")*COUNTIF(C2:C21,"E6")))/COUNT(D2:D21)^2)
A25: Cohen's kappa (evidence level) | B25: =IF(B23="","",(B23-B24)/(1-B24))
A27: Sample drawn at random (seed 2026) from the 67 application studies. Author 2: hide column B before grading. Enter levels as E1-E6.
